Workbook
Name CONDITION: '[1]FINISH CODES'!$B$8:$B$10
Name CONDITION: '[2]FINISH CODES'!$B$8:$B$10
Name CONDITIONS: [3]CODES!$A$3:$B$7
Name CONDITIONS: [4]CODES!$A$3:$B$7
Name COVCON: '[5]ASSEMBLY CODES'!$A$19:$A$32
Name COVCON: '[6]ASSEMBLY CODES'!$A$19:$A$32
Name GPCOLORCOMBINATIONS: [3]CODES!$P$31:$R$44
Name GPCOLORCOMBINATIONS: [4]CODES!$P$31:$R$44
Name GPHYDROEYES: [3]CODES!$P$47:$Q$54
Name GPHYDROEYES: [4]CODES!$P$47:$Q$54
Name GPSUBLIDS: [3]CODES!$P$24:$Q$27
Name GPSUBLIDS: [4]CODES!$P$24:$Q$27
Name LCODES: '[1]FINISH CODES'!$E$33:$E$52
Name LCODES: '[2]FINISH CODES'!$E$33:$E$52
Name LID: '[5]ASSEMBLY CODES'!$A$13:$A$16
Name LID: '[6]ASSEMBLY CODES'!$A$13:$A$16
Name LIST2: #REF!
Name LIST2: #REF!
Name LIST2: #REF!
Name LIST2: #REF!
Name LIST2: #REF!
Name LIST2: #REF!
Name POLARITIES: [3]CODES!$M$3:$N$24
Name POLARITIES: [4]CODES!$M$3:$N$24
Name SALESDESC: '[7]from IRN'!$B$4:$E$1375
Name SALESDESC: '[8]from IRN'!$B$4:$E$1375
Name SIZES: [3]CODES!$G$3:$H$48
Name SIZES: [4]CODES!$G$3:$H$48
Name SSSCODE: '[1]FINISH CODES'!$B$19:$B$60
Name SSSCODE: '[2]FINISH CODES'!$B$19:$B$60
Name TCODE: '[1]FINISH CODES'!$E$27:$E$28
Name TCODE: '[2]FINISH CODES'!$E$27:$E$28

Sheet SUMMARY
B2: LINE | C2: UTILIZATION | D2: RFT | E2: OEE | F2: ELOR | G2: AVAIL | H2: PER
B3: Filling | C3: ='Filling Manual'!EQ107 -> #DIV/0! | D3: ='Filling Manual'!DS107 -> #DIV/0! | E3: ='Filling Manual'!ED107 -> #DIV/0! | F3: ='Filling Manual'!EL107 -> #DIV/0! | G3: ='Filling Manual'!DG107 -> #DIV/0! | H3: ='Filling Manual'!DM107 -> #DIV/0!
B4: Milling | C4: =Milling!EQ107 -> #DIV/0! | D4: =Milling!DS107 -> #DIV/0! | E4: =Milling!ED107 -> #DIV/0! | F4: =Milling!EL107 -> #DIV/0! | G4: =Milling!DG107 -> #DIV/0! | H4: =Milling!DM107 -> #DIV/0!
B5: Mixing | C5: =Mixing!EQ107 -> #DIV/0! | D5: =Mixing!DS107 -> #DIV/0! | E5: =Mixing!ED107 -> #DIV/0! | F5: =Mixing!EL107 -> #DIV/0! | G5: =Mixing!DG107 -> #DIV/0! | H5: =Mixing!DM107 -> #DIV/0!
B6: Tinting/Letdown | C6: =Tinting!EQ107 -> #DIV/0! | D6: =Tinting!DS107 -> #DIV/0! | E6: =Tinting!ED107 -> #DIV/0! | F6: =Tinting!EL107 -> #DIV/0! | G6: =Tinting!DG107 -> #DIV/0! | H6: =Tinting!DM107 -> #DIV/0!
B7: AVERANGE: | C7: =AVERAGE(C4:C6) -> #DIV/0! | D7: =AVERAGE(D4:D6) -> #DIV/0! | E7: =AVERAGE(E4:E6) -> #DIV/0! | F7: =AVERAGE(F4:F6) -> #DIV/0! | G7: =AVERAGE(G4:G6) -> #DIV/0! | H7: =AVERAGE(H4:H6) -> #DIV/0!
H11: `

Sheet Filling Manual
K1: AVAILABLE TIME - PLANNED DOWNTIME (UNCONTROLLABLE) = LOADING TIME | AR1: SAP NOTIFICATION | AU1: LOADING TIME - UNPLANNED DOWNTIME / CONTROLLABLE = OPERATING TIME (Uptime) | CW1: AVAILABLE TIME DISTRIBUTION (%) | DD1: AVAILABILITY RATE X PERFORMANCE RATE X QUALITY RATE = OEE | DY1: GOOD OUTPUT÷ AVAILABLE CAPACITY=CHECK OEE | EG1: GOOD OUTPUT ÷ PLANNED PRODUCTION UPTIME = ELOR | EO1: Good Output ÷ (Ideal Prod Rate x 480)= ELUR
K2: Avail. Time (min) | M2: PLANNED DOWNTIME | AA2: UNCONTROLLABLE | AN2: TOTAL UNCONTROLLABLE | AP2: LOADING TIME (min) | AR2: SAP BREAKDOWN NOTIFICATION (min) | AS2: SAP NOTIFICATION NUMBER | AU2: BREAKDOWN & FAILURES | BR2: SET-UP AND ADJUSTMENTS | CD2: IDLING AND MINOR STOPPAGE | CS2: TOTAL UNPLANNED DOWNTIME | CU2: UPTIME / Operating Time (min) | DD2: total uptime / loading time = AVAILABILITY | DJ2: actual prod rate / ideal prod rate = PERFORMANCE | DP2: Good output / total output = QUALITY | DV2: OEE | DY2: Good Output (L) | DZ2: Ideal Prod Rate X Avail Time = Avail Cap | EB2: Available Capacity (L) | ED2: Check OEE | EG2: Good Output (L) | EH2: (Available time - Planned Downtime) X Ideal Prod Rate = Planned Production Time | EL2: ELOR | EO2: Good Output (L) | EP2: Ideal Production Rate (L/Min) | EQ2: ELUR | EW2: ideal prod rate X uptime | EZ2: Total Expected - Total Output | FA2: Variance÷Ideal Prod Rate
B3: DATE | C3: DAY | D3: SHIFT | E3: No of hours | G3: Loading Time | H3: PRODUCT TYPE | I3: Ideal Prod.Rate (L/min) | M3: A1 - 5S, Sanitation | N3: A2 - Breaktime | O3: A3 - CLAIR | P3: A4 - Changeover , Setup/Startup ,Change Kettle | Q3: A5 - PM (Preventitve Maintenance) | R3: A6-Flag Ceremony | S3: A7-General Assembly | T3: A8-Performance Dialogue | U3: A9-Trial Run | V3: A10-Training, Meetings | W3: A11-Company Activities | X3: A12-Emergency Drills | Y3: A13-No Production Plan | Z3: A14-No Head Count Allocation | AA3: UDT-Force Majeure | AB3: UDT-Grid Power Failure | AC3: UDT-Supply Chain Discuption | AD3: UDT-Gov't/Regulatory Issues | AE3: UDT-External Insfastructure failures | AF3: UDT-Labor related external issues | AG3: UDT-Late Shuttle Service | AU3: B1- Gear Box Problem | AV3: B2- Bearing Problem | AW3: B3- Compress Air Low Pressure | AX3: B4- Heater Problem | AY3: B5- Rampost Aluminum Piston Seal Problem | AZ3: B6- Sensor Problem | BA3: B7- Weight Problem (Leak) | BB3: B8- Weight Problem (Hoper Pressure) | BC3: B9- Pressure Gauge Problem | BD3: B10- Deffective - Foot Swith Problem | BE3: B11- Deffective -Air Motor Problem | BF3: B12- Deffective -Lower Extrusion Pump Problem | BG3: B13- Deffective Slot Chain-Conveyor Problem | BH3: B14- Deffective-Can Closer | BI3: B15- Crimping Problem | BJ3: B16-Follower Plate Problem (Rampest) | BK3: B17- Follower Plate Problem(Deformed) | BR3: EXCESS SET UP | BS3: EXCESS CHANGE OVER | BZ3: - | CA3: - | CB3: - | CD3: Delay Issuance Materials Supply (PM) | CE3: Delay Issuance Materials Supply (RM) | CF3: Out Stocks (RMPM) | CG3: Sorting/Reworking | CH3: Quality Problem | CI3: Absent Manpower | CJ3: Not Rendered Overtime (OT) | CK3: Unplanned Meeting | CL3: No available Bulkmix/Kettle | CM3: Waiting for Bulkmix Approval | CN3: Over Breaktime | CO3: Equipment Mishandling | CP3: Waiting for Forklift | CQ3: Early Quitting | CR3: - | CW3: % PLANNED | CX3: % UNCONTROLLABLE | CY3: % BREAK DOWN AND FAILURE | CZ3: % SET UP AND ADJUSTMENT | DA3: % IDLING AND MINOR STOP | DB3: %UPTIME (operating time) | DD3: Loading Time (min) | DE3: TOTAL Downtime (min) | DF3: [AvailTime-ΣDowntime] = TOTAL Uptime (min) | DG3: %Availability | DJ3: PRODUCT TYPE | DK3: Ideal Prod.Rate (L/min) | DL3: [Total Output÷Uptime] = Actual Prod. Rate (L/min) | DM3: %Performance | DP3: Good Output (L) | DQ3: Reject (L) | DR3: Total Output (L) | DS3: %Quality | DZ3: Ideal Prod.Rate (KG/min) | EA3: Loading time(min) | EH3: Available Time | EI3: Planned Downtime | EJ3: Ideal Prod Rate (L/min) | EK3: Planned Production Time | EU3: Ideal Prod. Rate (L/min) | EV3: UPTIME (min) | EW3: TOTAL expected output (L) | EX3: TOTAL output (L) | EZ3: ( VARIANCE ) OUTPUT LOSS (L) | FA3: PERFORMANCE RATE IN LOSS TIME EQUIVALENT (min) | FB3: JUSTIFICATION
I5: =IF(E5>0.0001,0,0) -> 0 | K5: =E5*60 -> 0 | AN5: =SUM(M5:AM5) -> 0 | AP5: =K5-AN5 -> 0 | CS5: =SUM(AU5:CR5) -> 0 | CU5: =AP5-CS5 -> 0 | CW5: =(SUM(M5:Z5))/K5 -> #DIV/0! | CX5: =(SUM(AA5:AM5))/K5 -> #DIV/0! | CY5: =(SUM(AU5:BQ5))/$K5 -> #DIV/0! | CZ5: =(SUM(BR5:CC5))/K5 -> #DIV/0! | DA5: =(SUM(CD5:CR5))/K5 -> #DIV/0! | DB5: =CU5/K5 -> #DIV/0! | DD5: =AP5 -> 0 | DE5: =CS5 -> 0 | DF5: =$DD5-DE5 -> 0 | DG5: =DF5/$DD5 -> #DIV/0! | DH5: =IF(AP5>0.01,1,0) -> 0 | DJ5: =H5 -> 0 | DK5: =I5 -> 0 | DL5: =DR5/DF5 -> #DIV/0! | DM5: =DL5/DK5 -> #DIV/0! | DN5: =IF(DM5>0.01,1,0) -> #DIV/0! | DR5: =DP5+DQ5 -> 0 | DS5: =IF(DL5=0,0,DP5/DR5) -> #DIV/0! | DT5: =IF(DS5>0.01,1,0) -> #DIV/0! | DV5: =DG5*DM5*DS5 -> #DIV/0! | DW5: =IF($AP5>0.01,1,0) -> 0 | DY5: =DP5 -> 0 | DZ5: =DK5 -> 0 | EA5: =+AP5 -> 0 | EB5: =DZ5*EA5 -> 0 | ED5: =DY5/EB5 -> #DIV/0! | EE5: =IF($AP5>0.01,1,0) -> 0 | EG5: =DP5 -> 0 | EH5: =K5 -> 0 | EI5: =SUM(M5:Z5) -> 0 | EJ5: =I5 -> 0 | EK5: =(EH5-EI5)*EJ5 -> 0 | EL5: =EG5/EK5 -> #DIV/0! | EM5: =IF(EK5>0.01,1,0) -> 0 | EO5: =EG5 -> 0 | EP5: =EJ5 -> 0 | EQ5: =EO5/(EP5*K5) -> #DIV/0! | ER5: =IF($K5>0.01,1,0) -> 0 | EU5: =DK5 -> 0 | EV5: =CU5 -> 0 | EW5: =I5*CU5 -> 0 | EX5: =DR5 -> 0 | EZ5: =EW5-EX5 -> 0 | FA5: =+IF(EZ5/I5<0,0,(EZ5/I5)) -> #DIV/0!
I6: =IF(E6>0.0001,0,0) -> 0 | K6: =E6*60 -> 0 | AN6: =SUM(M6:AM6) -> 0 | AP6: =K6-AN6 -> 0 | CS6: =SUM(AU6:CR6) -> 0 | CU6: =AP6-CS6 -> 0 | CW6: =(SUM(M6:Z6))/K6 -> #DIV/0! | CX6: =(SUM(AA6:AM6))/K6 -> #DIV/0! | CY6: =(SUM(AU6:BQ6))/$K6 -> #DIV/0! | CZ6: =(SUM(BR6:CC6))/K6 -> #DIV/0! | DA6: =(SUM(CD6:CR6))/K6 -> #DIV/0! | DB6: =CU6/K6 -> #DIV/0! | DD6: =AP6 -> 0 | DE6: =CS6 -> 0 | DF6: =$DD6-DE6 -> 0 | DG6: =DF6/$DD6 -> #DIV/0! | DH6: =IF(AP6>0.01,1,0) -> 0 | DJ6: =H6 -> 0 | DK6: =I6 -> 0 | DL6: =DR6/DF6 -> #DIV/0! | DM6: =DL6/DK6 -> #DIV/0! | DN6: =IF(DM6>0.01,1,0) -> #DIV/0! | DR6: =DP6+DQ6 -> 0 | DS6: =IF(DL6=0,0,DP6/DR6) -> #DIV/0! | DT6: =IF(DS6>0.01,1,0) -> #DIV/0! | DV6: =DG6*DM6*DS6 -> #DIV/0! | DW6: =IF($AP6>0.01,1,0) -> 0 | DY6: =DP6 -> 0 | DZ6: =DK6 -> 0 | EA6: =+AP6 -> 0 | EB6: =DZ6*EA6 -> 0 | ED6: =DY6/EB6 -> #DIV/0! | EE6: =IF($AP6>0.01,1,0) -> 0 | EG6: =DP6 -> 0 | EH6: =K6 -> 0 | EI6: =SUM(M6:Z6) -> 0 | EJ6: =I6 -> 0 | EK6: =(EH6-EI6)*EJ6 -> 0 | EL6: =EG6/EK6 -> #DIV/0! | EM6: =IF(EK6>0.01,1,0) -> 0 | EO6: =EG6 -> 0 | EP6: =EJ6 -> 0 | EQ6: =EO6/(EP6*K6) -> #DIV/0! | ER6: =IF($K6>0.01,1,0) -> 0 | EU6: =DK6 -> 0 | EV6: =CU6 -> 0 | EW6: =I6*CU6 -> 0 | EX6: =DR6 -> 0 | EZ6: =EW6-EX6 -> 0 | FA6: =+IF(EZ6/I6<0,0,(EZ6/I6)) -> #DIV/0!
I7: =IF(E7>0.0001,0,0) -> 0 | K7: =E7*60 -> 0 | AN7: =SUM(M7:AM7) -> 0 | AP7: =K7-AN7 -> 0 | CS7: =SUM(AU7:CR7) -> 0 | CU7: =AP7-CS7 -> 0 | CW7: =(SUM(M7:Z7))/K7 -> #DIV/0! | CX7: =(SUM(AA7:AM7))/K7 -> #DIV/0! | CY7: =(SUM(AU7:BQ7))/$K7 -> #DIV/0! | CZ7: =(SUM(BR7:CC7))/K7 -> #DIV/0! | DA7: =(SUM(CD7:CR7))/K7 -> #DIV/0! | DB7: =CU7/K7 -> #DIV/0! | DD7: =AP7 -> 0 | DE7: =CS7 -> 0 | DF7: =$DD7-DE7 -> 0 | DG7: =DF7/$DD7 -> #DIV/0! | DH7: =IF(AP7>0.01,1,0) -> 0 | DJ7: =H7 -> 0 | DK7: =I7 -> 0 | DL7: =DR7/DF7 -> #DIV/0! | DM7: =DL7/DK7 -> #DIV/0! | DN7: =IF(DM7>0.01,1,0) -> #DIV/0! | DR7: =DP7+DQ7 -> 0 | DS7: =IF(DL7=0,0,DP7/DR7) -> #DIV/0! | DT7: =IF(DS7>0.01,1,0) -> #DIV/0! | DV7: =DG7*DM7*DS7 -> #DIV/0! | DW7: =IF($AP7>0.01,1,0) -> 0 | DY7: =DP7 -> 0 | DZ7: =DK7 -> 0 | EA7: =+AP7 -> 0 | EB7: =DZ7*EA7 -> 0 | ED7: =DY7/EB7 -> #DIV/0! | EE7: =IF($AP7>0.01,1,0) -> 0 | EG7: =DP7 -> 0 | EH7: =K7 -> 0 | EI7: =SUM(M7:Z7) -> 0 | EJ7: =I7 -> 0 | EK7: =(EH7-EI7)*EJ7 -> 0 | EL7: =EG7/EK7 -> #DIV/0! | EM7: =IF(EK7>0.01,1,0) -> 0 | EO7: =EG7 -> 0 | EP7: =EJ7 -> 0 | EQ7: =EO7/(EP7*K7) -> #DIV/0! | ER7: =IF($K7>0.01,1,0) -> 0 | EU7: =DK7 -> 0 | EV7: =CU7 -> 0 | EW7: =I7*CU7 -> 0 | EX7: =DR7 -> 0 | EZ7: =EW7-EX7 -> 0 | FA7: =+IF(EZ7/I7<0,0,(EZ7/I7)) -> #DIV/0!
I8: =IF(E8>0.0001,0,0) -> 0 | K8: =E8*60 -> 0 | AN8: =SUM(M8:AM8) -> 0 | AP8: =K8-AN8 -> 0 | CS8: =SUM(AU8:CR8) -> 0 | CU8: =AP8-CS8 -> 0 | CW8: =(SUM(M8:Z8))/K8 -> #DIV/0! | CX8: =(SUM(AA8:AM8))/K8 -> #DIV/0! | CY8: =(SUM(AU8:BQ8))/$K8 -> #DIV/0! | CZ8: =(SUM(BR8:CC8))/K8 -> #DIV/0! | DA8: =(SUM(CD8:CR8))/K8 -> #DIV/0! | DB8: =CU8/K8 -> #DIV/0! | DD8: =AP8 -> 0 | DE8: =CS8 -> 0 | DF8: =$DD8-DE8 -> 0 | DG8: =DF8/$DD8 -> #DIV/0! | DH8: =IF(AP8>0.01,1,0) -> 0 | DJ8: =H8 -> 0 | DK8: =I8 -> 0 | DL8: =DR8/DF8 -> #DIV/0! | DM8: =DL8/DK8 -> #DIV/0! | DN8: =IF(DM8>0.01,1,0) -> #DIV/0! | DR8: =DP8+DQ8 -> 0 | DS8: =IF(DL8=0,0,DP8/DR8) -> #DIV/0! | DT8: =IF(DS8>0.01,1,0) -> #DIV/0! | DV8: =DG8*DM8*DS8 -> #DIV/0! | DW8: =IF($AP8>0.01,1,0) -> 0 | DY8: =DP8 -> 0 | DZ8: =DK8 -> 0 | EA8: =+AP8 -> 0 | EB8: =DZ8*EA8 -> 0 | ED8: =DY8/EB8 -> #DIV/0! | EE8: =IF($AP8>0.01,1,0) -> 0 | EG8: =DP8 -> 0 | EH8: =K8 -> 0 | EI8: =SUM(M8:Z8) -> 0 | EJ8: =I8 -> 0 | EK8: =(EH8-EI8)*EJ8 -> 0 | EL8: =EG8/EK8 -> #DIV/0! | EM8: =IF(EK8>0.01,1,0) -> 0 | EO8: =EG8 -> 0 | EP8: =EJ8 -> 0 | EQ8: =EO8/(EP8*K8) -> #DIV/0! | ER8: =IF($K8>0.01,1,0) -> 0 | EU8: =DK8 -> 0 | EV8: =CU8 -> 0 | EW8: =I8*CU8 -> 0 | EX8: =DR8 -> 0 | EZ8: =EW8-EX8 -> 0 | FA8: =+IF(EZ8/I8<0,0,(EZ8/I8)) -> #DIV/0!
I9: =IF(E9>0.0001,0,0) -> 0 | K9: =E9*60 -> 0 | AN9: =SUM(M9:AM9) -> 0 | AP9: =K9-AN9 -> 0 | CS9: =SUM(AU9:CR9) -> 0 | CU9: =AP9-CS9 -> 0 | CW9: =(SUM(M9:Z9))/K9 -> #DIV/0! | CX9: =(SUM(AA9:AM9))/K9 -> #DIV/0! | CY9: =(SUM(AU9:BQ9))/$K9 -> #DIV/0! | CZ9: =(SUM(BR9:CC9))/K9 -> #DIV/0! | DA9: =(SUM(CD9:CR9))/K9 -> #DIV/0! | DB9: =CU9/K9 -> #DIV/0! | DD9: =AP9 -> 0 | DE9: =CS9 -> 0 | DF9: =$DD9-DE9 -> 0 | DG9: =DF9/$DD9 -> #DIV/0! | DH9: =IF(AP9>0.01,1,0) -> 0 | DJ9: =H9 -> 0 | DK9: =I9 -> 0 | DL9: =DR9/DF9 -> #DIV/0! | DM9: =DL9/DK9 -> #DIV/0! | DN9: =IF(DM9>0.01,1,0) -> #DIV/0! | DR9: =DP9+DQ9 -> 0 | DS9: =IF(DL9=0,0,DP9/DR9) -> #DIV/0! | DT9: =IF(DS9>0.01,1,0) -> #DIV/0! | DV9: =DG9*DM9*DS9 -> #DIV/0! | DW9: =IF($AP9>0.01,1,0) -> 0 | DY9: =DP9 -> 0 | DZ9: =DK9 -> 0 | EA9: =+AP9 -> 0 | EB9: =DZ9*EA9 -> 0 | ED9: =DY9/EB9 -> #DIV/0! | EE9: =IF($AP9>0.01,1,0) -> 0 | EG9: =DP9 -> 0 | EH9: =K9 -> 0 | EI9: =SUM(M9:Z9) -> 0 | EJ9: =I9 -> 0 | EK9: =(EH9-EI9)*EJ9 -> 0 | EL9: =EG9/EK9 -> #DIV/0! | EM9: =IF(EK9>0.01,1,0) -> 0 | EO9: =EG9 -> 0 | EP9: =EJ9 -> 0 | EQ9: =EO9/(EP9*K9) -> #DIV/0! | ER9: =IF($K9>0.01,1,0) -> 0 | EU9: =DK9 -> 0 | EV9: =CU9 -> 0 | EW9: =I9*CU9 -> 0 | EX9: =DR9 -> 0 | EZ9: =EW9-EX9 -> 0 | FA9: =+IF(EZ9/I9<0,0,(EZ9/I9)) -> #DIV/0!
I10: =IF(E10>0.0001,0,0) -> 0 | K10: =E10*60 -> 0 | AN10: =SUM(M10:AM10) -> 0 | AP10: =K10-AN10 -> 0 | CS10: =SUM(AU10:CR10) -> 0 | CU10: =AP10-CS10 -> 0 | CW10: =(SUM(M10:Z10))/K10 -> #DIV/0! | CX10: =(SUM(AA10:AM10))/K10 -> #DIV/0! | CY10: =(SUM(AU10:BQ10))/$K10 -> #DIV/0! | CZ10: =(SUM(BR10:CC10))/K10 -> #DIV/0! | DA10: =(SUM(CD10:CR10))/K10 -> #DIV/0! | DB10: =CU10/K10 -> #DIV/0! | DD10: =AP10 -> 0 | DE10: =CS10 -> 0 | DF10: =$DD10-DE10 -> 0 | DG10: =DF10/$DD10 -> #DIV/0! | DH10: =IF(AP10>0.01,1,0) -> 0 | DJ10: =H10 -> 0 | DK10: =I10 -> 0 | DL10: =DR10/DF10 -> #DIV/0! | DM10: =DL10/DK10 -> #DIV/0! | DN10: =IF(DM10>0.01,1,0) -> #DIV/0! | DR10: =DP10+DQ10 -> 0 | DS10: =IF(DL10=0,0,DP10/DR10) -> #DIV/0! | DT10: =IF(DS10>0.01,1,0) -> #DIV/0! | DV10: =DG10*DM10*DS10 -> #DIV/0! | DW10: =IF($AP10>0.01,1,0) -> 0 | DY10: =DP10 -> 0 | DZ10: =DK10 -> 0 | EA10: =+AP10 -> 0 | EB10: =DZ10*EA10 -> 0 | ED10: =DY10/EB10 -> #DIV/0! | EE10: =IF($AP10>0.01,1,0) -> 0 | EG10: =DP10 -> 0 | EH10: =K10 -> 0 | EI10: =SUM(M10:Z10) -> 0 | EJ10: =I10 -> 0 | EK10: =(EH10-EI10)*EJ10 -> 0 | EL10: =EG10/EK10 -> #DIV/0! | EM10: =IF(EK10>0.01,1,0) -> 0 | EO10: =EG10 -> 0 | EP10: =EJ10 -> 0 | EQ10: =EO10/(EP10*K10) -> #DIV/0! | ER10: =IF($K10>0.01,1,0) -> 0 | EU10: =DK10 -> 0 | EV10: =CU10 -> 0 | EW10: =I10*CU10 -> 0 | EX10: =DR10 -> 0 | EZ10: =EW10-EX10 -> 0 | FA10: =+IF(EZ10/I10<0,0,(EZ10/I10)) -> #DIV/0!
I11: =IF(E11>0.0001,9.4,0) -> 0 | K11: =E11*60 -> 0 | AN11: =SUM(M11:AM11) -> 0 | AP11: =K11-AN11 -> 0 | CS11: =SUM(AU11:CR11) -> 0 | CU11: =AP11-CS11 -> 0 | CW11: =(SUM(M11:Z11))/K11 -> #DIV/0! | CX11: =(SUM(AA11:AM11))/K11 -> #DIV/0! | CY11: =(SUM(AU11:BQ11))/$K11 -> #DIV/0! | CZ11: =(SUM(BR11:CC11))/K11 -> #DIV/0! | DA11: =(SUM(CD11:CR11))/K11 -> #DIV/0! | DB11: =CU11/K11 -> #DIV/0! | DD11: =AP11 -> 0 | DE11: =CS11 -> 0 | DF11: =$DD11-DE11 -> 0 | DG11: =DF11/$DD11 -> #DIV/0! | DH11: =IF(AP11>0.01,1,0) -> 0 | DJ11: =H11 -> 0 | DK11: =I11 -> 0 | DL11: =DR11/DF11 -> #DIV/0! | DM11: =DL11/DK11 -> #DIV/0! | DN11: =IF(DM11>0.01,1,0) -> #DIV/0! | DR11: =DP11+DQ11 -> 0 | DS11: =IF(DL11=0,0,DP11/DR11) -> #DIV/0! | DT11: =IF(DS11>0.01,1,0) -> #DIV/0! | DV11: =DG11*DM11*DS11 -> #DIV/0! | DW11: =IF($AP11>0.01,1,0) -> 0 | DY11: =DP11 -> 0 | DZ11: =DK11 -> 0 | EA11: =+AP11 -> 0 | EB11: =DZ11*EA11 -> 0 | ED11: =DY11/EB11 -> #DIV/0! | EE11: =IF($AP11>0.01,1,0) -> 0 | EG11: =DP11 -> 0 | EH11: =K11 -> 0 | EI11: =SUM(M11:Z11) -> 0 | EJ11: =I11 -> 0 | EK11: =(EH11-EI11)*EJ11 -> 0 | EL11: =EG11/EK11 -> #DIV/0! | EM11: =IF(EK11>0.01,1,0) -> 0 | EO11: =EG11 -> 0 | EP11: =EJ11 -> 0 | EQ11: =EO11/(EP11*K11) -> #DIV/0! | ER11: =IF($K11>0.01,1,0) -> 0 | EU11: =DK11 -> 0 | EV11: =CU11 -> 0 | EW11: =I11*CU11 -> 0 | EX11: =DR11 -> 0 | EZ11: =EW11-EX11 -> 0 | FA11: =+IF(EZ11/I11<0,0,(EZ11/I11)) -> #DIV/0!
I12: =IF(E12>0.0001,0,0) -> 0 | K12: =E12*60 -> 0 | AN12: =SUM(M12:AM12) -> 0 | AP12: =K12-AN12 -> 0 | CS12: =SUM(AU12:CR12) -> 0 | CU12: =AP12-CS12 -> 0 | CW12: =(SUM(M12:Z12))/K12 -> #DIV/0! | CX12: =(SUM(AA12:AM12))/K12 -> #DIV/0! | CY12: =(SUM(AU12:BQ12))/$K12 -> #DIV/0! | CZ12: =(SUM(BR12:CC12))/K12 -> #DIV/0! | DA12: =(SUM(CD12:CR12))/K12 -> #DIV/0! | DB12: =CU12/K12 -> #DIV/0! | DD12: =AP12 -> 0 | DE12: =CS12 -> 0 | DF12: =$DD12-DE12 -> 0 | DG12: =DF12/$DD12 -> #DIV/0! | DH12: =IF(AP12>0.01,1,0) -> 0 | DJ12: =H12 -> 0 | DK12: =I12 -> 0 | DL12: =DR12/DF12 -> #DIV/0! | DM12: =DL12/DK12 -> #DIV/0! | DN12: =IF(DM12>0.01,1,0) -> #DIV/0! | DR12: =DP12+DQ12 -> 0 | DS12: =IF(DL12=0,0,DP12/DR12) -> #DIV/0! | DT12: =IF(DS12>0.01,1,0) -> #DIV/0! | DV12: =DG12*DM12*DS12 -> #DIV/0! | DW12: =IF($AP12>0.01,1,0) -> 0 | DY12: =DP12 -> 0 | DZ12: =DK12 -> 0 | EA12: =+AP12 -> 0 | EB12: =DZ12*EA12 -> 0 | ED12: =DY12/EB12 -> #DIV/0! | EE12: =IF($AP12>0.01,1,0) -> 0 | EG12: =DP12 -> 0 | EH12: =K12 -> 0 | EI12: =SUM(M12:Z12) -> 0 | EJ12: =I12 -> 0 | EK12: =(EH12-EI12)*EJ12 -> 0 | EL12: =EG12/EK12 -> #DIV/0! | EM12: =IF(EK12>0.01,1,0) -> 0 | EO12: =EG12 -> 0 | EP12: =EJ12 -> 0 | EQ12: =EO12/(EP12*K12) -> #DIV/0! | ER12: =IF($K12>0.01,1,0) -> 0 | EU12: =DK12 -> 0 | EV12: =CU12 -> 0 | EW12: =I12*CU12 -> 0 | EX12: =DR12 -> 0 | EZ12: =EW12-EX12 -> 0 | FA12: =+IF(EZ12/I12<0,0,(EZ12/I12)) -> #DIV/0!
I13: =IF(E13>0.0001,0,0) -> 0 | K13: =E13*60 -> 0 | AN13: =SUM(M13:AM13) -> 0 | AP13: =K13-AN13 -> 0 | CS13: =SUM(AU13:CR13) -> 0 | CU13: =AP13-CS13 -> 0 | CW13: =(SUM(M13:Z13))/K13 -> #DIV/0! | CX13: =(SUM(AA13:AM13))/K13 -> #DIV/0! | CY13: =(SUM(AU13:BQ13))/$K13 -> #DIV/0! | CZ13: =(SUM(BR13:CC13))/K13 -> #DIV/0! | DA13: =(SUM(CD13:CR13))/K13 -> #DIV/0! | DB13: =CU13/K13 -> #DIV/0! | DD13: =AP13 -> 0 | DE13: =CS13 -> 0 | DF13: =$DD13-DE13 -> 0 | DG13: =DF13/$DD13 -> #DIV/0! | DH13: =IF(AP13>0.01,1,0) -> 0 | DJ13: =H13 -> 0 | DK13: =I13 -> 0 | DL13: =DR13/DF13 -> #DIV/0! | DM13: =DL13/DK13 -> #DIV/0! | DN13: =IF(DM13>0.01,1,0) -> #DIV/0! | DR13: =DP13+DQ13 -> 0 | DS13: =IF(DL13=0,0,DP13/DR13) -> #DIV/0! | DT13: =IF(DS13>0.01,1,0) -> #DIV/0! | DV13: =DG13*DM13*DS13 -> #DIV/0! | DW13: =IF($AP13>0.01,1,0) -> 0 | DY13: =DP13 -> 0 | DZ13: =DK13 -> 0 | EA13: =+AP13 -> 0 | EB13: =DZ13*EA13 -> 0 | ED13: =DY13/EB13 -> #DIV/0! | EE13: =IF($AP13>0.01,1,0) -> 0 | EG13: =DP13 -> 0 | EH13: =K13 -> 0 | EI13: =SUM(M13:Z13) -> 0 | EJ13: =I13 -> 0 | EK13: =(EH13-EI13)*EJ13 -> 0 | EL13: =EG13/EK13 -> #DIV/0! | EM13: =IF(EK13>0.01,1,0) -> 0 | EO13: =EG13 -> 0 | EP13: =EJ13 -> 0 | EQ13: =EO13/(EP13*K13) -> #DIV/0! | ER13: =IF($K13>0.01,1,0) -> 0 | EU13: =DK13 -> 0 | EV13: =CU13 -> 0 | EW13: =I13*CU13 -> 0 | EX13: =DR13 -> 0 | EZ13: =EW13-EX13 -> 0 | FA13: =+IF(EZ13/I13<0,0,(EZ13/I13)) -> #DIV/0!
I14: =IF(E14>0.0001,0,0) -> 0 | K14: =E14*60 -> 0 | AN14: =SUM(M14:AM14) -> 0 | AP14: =K14-AN14 -> 0 | CS14: =SUM(AU14:CR14) -> 0 | CU14: =AP14-CS14 -> 0 | CW14: =(SUM(M14:Z14))/K14 -> #DIV/0! | CX14: =(SUM(AA14:AM14))/K14 -> #DIV/0! | CY14: =(SUM(AU14:BQ14))/$K14 -> #DIV/0! | CZ14: =(SUM(BR14:CC14))/K14 -> #DIV/0! | DA14: =(SUM(CD14:CR14))/K14 -> #DIV/0! | DB14: =CU14/K14 -> #DIV/0! | DD14: =AP14 -> 0 | DE14: =CS14 -> 0 | DF14: =$DD14-DE14 -> 0 | DG14: =DF14/$DD14 -> #DIV/0! | DH14: =IF(AP14>0.01,1,0) -> 0 | DJ14: =H14 -> 0 | DK14: =I14 -> 0 | DL14: =DR14/DF14 -> #DIV/0! | DM14: =DL14/DK14 -> #DIV/0! | DN14: =IF(DM14>0.01,1,0) -> #DIV/0! | DR14: =DP14+DQ14 -> 0 | DS14: =IF(DL14=0,0,DP14/DR14) -> #DIV/0! | DT14: =IF(DS14>0.01,1,0) -> #DIV/0! | DV14: =DG14*DM14*DS14 -> #DIV/0! | DW14: =IF($AP14>0.01,1,0) -> 0 | DY14: =DP14 -> 0 | DZ14: =DK14 -> 0 | EA14: =+AP14 -> 0 | EB14: =DZ14*EA14 -> 0 | ED14: =DY14/EB14 -> #DIV/0! | EE14: =IF($AP14>0.01,1,0) -> 0 | EG14: =DP14 -> 0 | EH14: =K14 -> 0 | EI14: =SUM(M14:Z14) -> 0 | EJ14: =I14 -> 0 | EK14: =(EH14-EI14)*EJ14 -> 0 | EL14: =EG14/EK14 -> #DIV/0! | EM14: =IF(EK14>0.01,1,0) -> 0 | EO14: =EG14 -> 0 | EP14: =EJ14 -> 0 | EQ14: =EO14/(EP14*K14) -> #DIV/0! | ER14: =IF($K14>0.01,1,0) -> 0 | EU14: =DK14 -> 0 | EV14: =CU14 -> 0 | EW14: =I14*CU14 -> 0 | EX14: =DR14 -> 0 | EZ14: =EW14-EX14 -> 0 | FA14: =+IF(EZ14/I14<0,0,(EZ14/I14)) -> #DIV/0!
I15: =IF(E15>0.0001,0,0) -> 0 | K15: =E15*60 -> 0 | AN15: =SUM(M15:AM15) -> 0 | AP15: =K15-AN15 -> 0 | CS15: =SUM(AU15:CR15) -> 0 | CU15: =AP15-CS15 -> 0 | CW15: =(SUM(M15:Z15))/K15 -> #DIV/0! | CX15: =(SUM(AA15:AM15))/K15 -> #DIV/0! | CY15: =(SUM(AU15:BQ15))/$K15 -> #DIV/0! | CZ15: =(SUM(BR15:CC15))/K15 -> #DIV/0! | DA15: =(SUM(CD15:CR15))/K15 -> #DIV/0! | DB15: =CU15/K15 -> #DIV/0! | DD15: =AP15 -> 0 | DE15: =CS15 -> 0 | DF15: =$DD15-DE15 -> 0 | DG15: =DF15/$DD15 -> #DIV/0! | DH15: =IF(AP15>0.01,1,0) -> 0 | DJ15: =H15 -> 0 | DK15: 0 | DL15: =DR15/DF15 -> #DIV/0! | DM15: =DL15/DK15 -> #DIV/0! | DN15: =IF(DM15>0.01,1,0) -> #DIV/0! | DR15: =DP15+DQ15 -> 0 | DS15: =IF(DL15=0,0,DP15/DR15) -> #DIV/0! | DT15: =IF(DS15>0.01,1,0) -> #DIV/0! | DV15: =DG15*DM15*DS15 -> #DIV/0! | DW15: =IF($AP15>0.01,1,0) -> 0 | DY15: =DP15 -> 0 | DZ15: =DK15 -> 0 | EA15: =+AP15 -> 0 | EB15: =DZ15*EA15 -> 0 | ED15: =DY15/EB15 -> #DIV/0! | EE15: =IF($AP15>0.01,1,0) -> 0 | EG15: =DP15 -> 0 | EH15: =K15 -> 0 | EI15: =SUM(M15:Z15) -> 0 | EJ15: =I15 -> 0 | EK15: =(EH15-EI15)*EJ15 -> 0 | EL15: =EG15/EK15 -> #DIV/0! | EM15: =IF(EK15>0.01,1,0) -> 0 | EO15: =EG15 -> 0 | EP15: =EJ15 -> 0 | EQ15: =EO15/(EP15*K15) -> #DIV/0! | ER15: =IF($K15>0.01,1,0) -> 0 | EU15: =DK15 -> 0 | EV15: =CU15 -> 0 | EW15: =I15*CU15 -> 0 | EX15: =DR15 -> 0 | EZ15: =EW15-EX15 -> 0 | FA15: =+IF(EZ15/I15<0,0,(EZ15/I15)) -> #DIV/0!
I16: =IF(E16>0.0001,0,0) -> 0 | K16: =E16*60 -> 0 | AN16: =SUM(M16:AM16) -> 0 | AP16: =K16-AN16 -> 0 | CS16: =SUM(AU16:CR16) -> 0 | CU16: =AP16-CS16 -> 0 | CW16: =(SUM(M16:Z16))/K16 -> #DIV/0! | CX16: =(SUM(AA16:AM16))/K16 -> #DIV/0! | CY16: =(SUM(AU16:BQ16))/$K16 -> #DIV/0! | CZ16: =(SUM(BR16:CC16))/K16 -> #DIV/0! | DA16: =(SUM(CD16:CR16))/K16 -> #DIV/0! | DB16: =CU16/K16 -> #DIV/0! | DD16: =AP16 -> 0 | DE16: =CS16 -> 0 | DF16: =$DD16-DE16 -> 0 | DG16: =DF16/$DD16 -> #DIV/0! | DH16: =IF(AP16>0.01,1,0) -> 0 | DJ16: =H16 -> 0 | DK16: =I16 -> 0 | DL16: =DR16/DF16 -> #DIV/0! | DM16: =DL16/DK16 -> #DIV/0! | DN16: =IF(DM16>0.01,1,0) -> #DIV/0! | DR16: =DP16+DQ16 -> 0 | DS16: =IF(DL16=0,0,DP16/DR16) -> #DIV/0! | DT16: =IF(DS16>0.01,1,0) -> #DIV/0! | DV16: =DG16*DM16*DS16 -> #DIV/0! | DW16: =IF($AP16>0.01,1,0) -> 0 | DY16: =DP16 -> 0 | DZ16: =DK16 -> 0 | EA16: =+AP16 -> 0 | EB16: =DZ16*EA16 -> 0 | ED16: =DY16/EB16 -> #DIV/0! | EE16: =IF($AP16>0.01,1,0) -> 0 | EG16: =DP16 -> 0 | EH16: =K16 -> 0 | EI16: =SUM(M16:Z16) -> 0 | EJ16: =I16 -> 0 | EK16: =(EH16-EI16)*EJ16 -> 0 | EL16: =EG16/EK16 -> #DIV/0! | EM16: =IF(EK16>0.01,1,0) -> 0 | EO16: =EG16 -> 0 | EP16: =EJ16 -> 0 | EQ16: =EO16/(EP16*K16) -> #DIV/0! | ER16: =IF($K16>0.01,1,0) -> 0 | EU16: =DK16 -> 0 | EV16: =CU16 -> 0 | EW16: =I16*CU16 -> 0 | EX16: =DR16 -> 0 | EZ16: =EW16-EX16 -> 0 | FA16: =+IF(EZ16/I16<0,0,(EZ16/I16)) -> #DIV/0!
I17: =IF(E17>0.0001,0,0) -> 0 | K17: =E17*60 -> 0 | AN17: =SUM(M17:AM17) -> 0 | AP17: =K17-AN17 -> 0 | CS17: =SUM(AU17:CR17) -> 0 | CU17: =AP17-CS17 -> 0 | CW17: =(SUM(M17:Z17))/K17 -> #DIV/0! | CX17: =(SUM(AA17:AM17))/K17 -> #DIV/0! | CY17: =(SUM(AU17:BQ17))/$K17 -> #DIV/0! | CZ17: =(SUM(BR17:CC17))/K17 -> #DIV/0! | DA17: =(SUM(CD17:CR17))/K17 -> #DIV/0! | DB17: =CU17/K17 -> #DIV/0! | DD17: =AP17 -> 0 | DE17: =CS17 -> 0 | DF17: =$DD17-DE17 -> 0 | DG17: =DF17/$DD17 -> #DIV/0! | DH17: =IF(AP17>0.01,1,0) -> 0 | DJ17: =H17 -> 0 | DK17: =I17 -> 0 | DL17: =DR17/DF17 -> #DIV/0! | DM17: =DL17/DK17 -> #DIV/0! | DN17: =IF(DM17>0.01,1,0) -> #DIV/0! | DR17: =DP17+DQ17 -> 0 | DS17: =IF(DL17=0,0,DP17/DR17) -> #DIV/0! | DT17: =IF(DS17>0.01,1,0) -> #DIV/0! | DV17: =DG17*DM17*DS17 -> #DIV/0! | DW17: =IF($AP17>0.01,1,0) -> 0 | DY17: =DP17 -> 0 | DZ17: =DK17 -> 0 | EA17: =+AP17 -> 0 | EB17: =DZ17*EA17 -> 0 | ED17: =DY17/EB17 -> #DIV/0! | EE17: =IF($AP17>0.01,1,0) -> 0 | EG17: =DP17 -> 0 | EH17: =K17 -> 0 | EI17: =SUM(M17:Z17) -> 0 | EJ17: =I17 -> 0 | EK17: =(EH17-EI17)*EJ17 -> 0 | EL17: =EG17/EK17 -> #DIV/0! | EM17: =IF(EK17>0.01,1,0) -> 0 | EO17: =EG17 -> 0 | EP17: =EJ17 -> 0 | EQ17: =EO17/(EP17*K17) -> #DIV/0! | ER17: =IF($K17>0.01,1,0) -> 0 | EU17: =DK17 -> 0 | EV17: =CU17 -> 0 | EW17: =I17*CU17 -> 0 | EX17: =DR17 -> 0 | EZ17: =EW17-EX17 -> 0 | FA17: =+IF(EZ17/I17<0,0,(EZ17/I17)) -> #DIV/0!
I18: =IF(E18>0.0001,0,0) -> 0 | K18: =E18*60 -> 0 | AN18: =SUM(M18:AM18) -> 0 | AP18: =K18-AN18 -> 0 | CS18: =SUM(AU18:CR18) -> 0 | CU18: =AP18-CS18 -> 0 | CW18: =(SUM(M18:Z18))/K18 -> #DIV/0! | CX18: =(SUM(AA18:AM18))/K18 -> #DIV/0! | CY18: =(SUM(AU18:BQ18))/$K18 -> #DIV/0! | CZ18: =(SUM(BR18:CC18))/K18 -> #DIV/0! | DA18: =(SUM(CD18:CR18))/K18 -> #DIV/0! | DB18: =CU18/K18 -> #DIV/0! | DD18: =AP18 -> 0 | DE18: =CS18 -> 0 | DF18: =$DD18-DE18 -> 0 | DG18: =DF18/$DD18 -> #DIV/0! | DH18: =IF(AP18>0.01,1,0) -> 0 | DJ18: =H18 -> 0 | DK18: =I18 -> 0 | DL18: =DR18/DF18 -> #DIV/0! | DM18: =DL18/DK18 -> #DIV/0! | DN18: =IF(DM18>0.01,1,0) -> #DIV/0! | DR18: =DP18+DQ18 -> 0 | DS18: =IF(DL18=0,0,DP18/DR18) -> #DIV/0! | DT18: =IF(DS18>0.01,1,0) -> #DIV/0! | DV18: =DG18*DM18*DS18 -> #DIV/0! | DW18: =IF($AP18>0.01,1,0) -> 0 | DY18: =DP18 -> 0 | DZ18: =DK18 -> 0 | EA18: =+AP18 -> 0 | EB18: =DZ18*EA18 -> 0 | ED18: =DY18/EB18 -> #DIV/0! | EE18: =IF($AP18>0.01,1,0) -> 0 | EG18: =DP18 -> 0 | EH18: =K18 -> 0 | EI18: =SUM(M18:Z18) -> 0 | EJ18: =I18 -> 0 | EK18: =(EH18-EI18)*EJ18 -> 0 | EL18: =EG18/EK18 -> #DIV/0! | EM18: =IF(EK18>0.01,1,0) -> 0 | EO18: =EG18 -> 0 | EP18: =EJ18 -> 0 | EQ18: =EO18/(EP18*K18) -> #DIV/0! | ER18: =IF($K18>0.01,1,0) -> 0 | EU18: =DK18 -> 0 | EV18: =CU18 -> 0 | EW18: =I18*CU18 -> 0 | EX18: =DR18 -> 0 | EZ18: =EW18-EX18 -> 0 | FA18: =+IF(EZ18/I18<0,0,(EZ18/I18)) -> #DIV/0!
I19: =IF(E19>0.0001,0,0) -> 0 | K19: =E19*60 -> 0 | AN19: =SUM(M19:AM19) -> 0 | AP19: =K19-AN19 -> 0 | CS19: =SUM(AU19:CR19) -> 0 | CU19: =AP19-CS19 -> 0 | CW19: =(SUM(M19:Z19))/K19 -> #DIV/0! | CX19: =(SUM(AA19:AM19))/K19 -> #DIV/0! | CY19: =(SUM(AU19:BQ19))/$K19 -> #DIV/0! | CZ19: =(SUM(BR19:CC19))/K19 -> #DIV/0! | DA19: =(SUM(CD19:CR19))/K19 -> #DIV/0! | DB19: =CU19/K19 -> #DIV/0! | DD19: =AP19 -> 0 | DE19: =CS19 -> 0 | DF19: =$DD19-DE19 -> 0 | DG19: =DF19/$DD19 -> #DIV/0! | DH19: =IF(AP19>0.01,1,0) -> 0 | DJ19: =H19 -> 0 | DK19: =I19 -> 0 | DL19: =DR19/DF19 -> #DIV/0! | DM19: =DL19/DK19 -> #DIV/0! | DN19: =IF(DM19>0.01,1,0) -> #DIV/0! | DR19: =DP19+DQ19 -> 0 | DS19: =IF(DL19=0,0,DP19/DR19) -> #DIV/0! | DT19: =IF(DS19>0.01,1,0) -> #DIV/0! | DV19: =DG19*DM19*DS19 -> #DIV/0! | DW19: =IF($AP19>0.01,1,0) -> 0 | DY19: =DP19 -> 0 | DZ19: =DK19 -> 0 | EA19: =+AP19 -> 0 | EB19: =DZ19*EA19 -> 0 | ED19: =DY19/EB19 -> #DIV/0! | EE19: =IF($AP19>0.01,1,0) -> 0 | EG19: =DP19 -> 0 | EH19: =K19 -> 0 | EI19: =SUM(M19:Z19) -> 0 | EJ19: =I19 -> 0 | EK19: =(EH19-EI19)*EJ19 -> 0 | EL19: =EG19/EK19 -> #DIV/0! | EM19: =IF(EK19>0.01,1,0) -> 0 | EO19: =EG19 -> 0 | EP19: =EJ19 -> 0 | EQ19: =EO19/(EP19*K19) -> #DIV/0! | ER19: =IF($K19>0.01,1,0) -> 0 | EU19: =DK19 -> 0 | EV19: =CU19 -> 0 | EW19: =I19*CU19 -> 0 | EX19: =DR19 -> 0 | EZ19: =EW19-EX19 -> 0 | FA19: =+IF(EZ19/I19<0,0,(EZ19/I19)) -> #DIV/0!
I20: =IF(E20>0.0001,0,0) -> 0 | K20: =E20*60 -> 0 | AN20: =SUM(M20:AM20) -> 0 | AP20: =K20-AN20 -> 0 | CS20: =SUM(AU20:CR20) -> 0 | CU20: =AP20-CS20 -> 0 | CW20: =(SUM(M20:Z20))/K20 -> #DIV/0! | CX20: =(SUM(AA20:AM20))/K20 -> #DIV/0! | CY20: =(SUM(AU20:BQ20))/$K20 -> #DIV/0! | CZ20: =(SUM(BR20:CC20))/K20 -> #DIV/0! | DA20: =(SUM(CD20:CR20))/K20 -> #DIV/0! | DB20: =CU20/K20 -> #DIV/0! | DD20: =AP20 -> 0 | DE20: =CS20 -> 0 | DF20: =$DD20-DE20 -> 0 | DG20: =DF20/$DD20 -> #DIV/0! | DH20: =IF(AP20>0.01,1,0) -> 0 | DJ20: =H20 -> 0 | DK20: =I20 -> 0 | DL20: =DR20/DF20 -> #DIV/0! | DM20: =DL20/DK20 -> #DIV/0! | DN20: =IF(DM20>0.01,1,0) -> #DIV/0! | DR20: =DP20+DQ20 -> 0 | DS20: =IF(DL20=0,0,DP20/DR20) -> #DIV/0! | DT20: =IF(DS20>0.01,1,0) -> #DIV/0! | DV20: =DG20*DM20*DS20 -> #DIV/0! | DW20: =IF($AP20>0.01,1,0) -> 0 | DY20: =DP20 -> 0 | DZ20: =DK20 -> 0 | EA20: =+AP20 -> 0 | EB20: =DZ20*EA20 -> 0 | ED20: =DY20/EB20 -> #DIV/0! | EE20: =IF($AP20>0.01,1,0) -> 0 | EG20: =DP20 -> 0 | EH20: =K20 -> 0 | EI20: =SUM(M20:Z20) -> 0 | EJ20: =I20 -> 0 | EK20: =(EH20-EI20)*EJ20 -> 0 | EL20: =EG20/EK20 -> #DIV/0! | EM20: =IF(EK20>0.01,1,0) -> 0 | EO20: =EG20 -> 0 | EP20: =EJ20 -> 0 | EQ20: =EO20/(EP20*K20) -> #DIV/0! | ER20: =IF($K20>0.01,1,0) -> 0 | EU20: =DK20 -> 0 | EV20: =CU20 -> 0 | EW20: =I20*CU20 -> 0 | EX20: =DR20 -> 0 | EZ20: =EW20-EX20 -> 0 | FA20: =+IF(EZ20/I20<0,0,(EZ20/I20)) -> #DIV/0!
I21: =IF(E21>0.0001,0,0) -> 0 | K21: =E21*60 -> 0 | AN21: =SUM(M21:AM21) -> 0 | AP21: =K21-AN21 -> 0 | CS21: =SUM(AU21:CR21) -> 0 | CU21: =AP21-CS21 -> 0 | CW21: =(SUM(M21:Z21))/K21 -> #DIV/0! | CX21: =(SUM(AA21:AM21))/K21 -> #DIV/0! | CY21: =(SUM(AU21:BQ21))/$K21 -> #DIV/0! | CZ21: =(SUM(BR21:CC21))/K21 -> #DIV/0! | DA21: =(SUM(CD21:CR21))/K21 -> #DIV/0! | DB21: =CU21/K21 -> #DIV/0! | DD21: =AP21 -> 0 | DE21: =CS21 -> 0 | DF21: =$DD21-DE21 -> 0 | DG21: =DF21/$DD21 -> #DIV/0! | DH21: =IF(AP21>0.01,1,0) -> 0 | DJ21: =H21 -> 0 | DK21: =I21 -> 0 | DL21: =DR21/DF21 -> #DIV/0! | DM21: =DL21/DK21 -> #DIV/0! | DN21: =IF(DM21>0.01,1,0) -> #DIV/0! | DR21: =DP21+DQ21 -> 0 | DS21: =IF(DL21=0,0,DP21/DR21) -> #DIV/0! | DT21: =IF(DS21>0.01,1,0) -> #DIV/0! | DV21: =DG21*DM21*DS21 -> #DIV/0! | DW21: =IF($AP21>0.01,1,0) -> 0 | DY21: =DP21 -> 0 | DZ21: =DK21 -> 0 | EA21: =+AP21 -> 0 | EB21: =DZ21*EA21 -> 0 | ED21: =DY21/EB21 -> #DIV/0! | EE21: =IF($AP21>0.01,1,0) -> 0 | EG21: =DP21 -> 0 | EH21: =K21 -> 0 | EI21: =SUM(M21:Z21) -> 0 | EJ21: =I21 -> 0 | EK21: =(EH21-EI21)*EJ21 -> 0 | EL21: =EG21/EK21 -> #DIV/0! | EM21: =IF(EK21>0.01,1,0) -> 0 | EO21: =EG21 -> 0 | EP21: =EJ21 -> 0 | EQ21: =EO21/(EP21*K21) -> #DIV/0! | ER21: =IF($K21>0.01,1,0) -> 0 | EU21: =DK21 -> 0 | EV21: =CU21 -> 0 | EW21: =I21*CU21 -> 0 | EX21: =DR21 -> 0 | EZ21: =EW21-EX21 -> 0 | FA21: =+IF(EZ21/I21<0,0,(EZ21/I21)) -> #DIV/0!
I22: =IF(E22>0.0001,0,0) -> 0 | K22: =E22*60 -> 0 | AN22: =SUM(M22:AM22) -> 0 | AP22: =K22-AN22 -> 0 | CS22: =SUM(AU22:CR22) -> 0 | CU22: =AP22-CS22 -> 0 | CW22: =(SUM(M22:Z22))/K22 -> #DIV/0! | CX22: =(SUM(AA22:AM22))/K22 -> #DIV/0! | CY22: =(SUM(AU22:BQ22))/$K22 -> #DIV/0! | CZ22: =(SUM(BR22:CC22))/K22 -> #DIV/0! | DA22: =(SUM(CD22:CR22))/K22 -> #DIV/0! | DB22: =CU22/K22 -> #DIV/0! | DD22: =AP22 -> 0 | DE22: =CS22 -> 0 | DF22: =$DD22-DE22 -> 0 | DG22: =DF22/$DD22 -> #DIV/0! | DH22: =IF(AP22>0.01,1,0) -> 0 | DJ22: =H22 -> 0 | DK22: =I22 -> 0 | DL22: =DR22/DF22 -> #DIV/0! | DM22: =DL22/DK22 -> #DIV/0! | DN22: =IF(DM22>0.01,1,0) -> #DIV/0! | DR22: =DP22+DQ22 -> 0 | DS22: =IF(DL22=0,0,DP22/DR22) -> #DIV/0! | DT22: =IF(DS22>0.01,1,0) -> #DIV/0! | DV22: =DG22*DM22*DS22 -> #DIV/0! | DW22: =IF($AP22>0.01,1,0) -> 0 | DY22: =DP22 -> 0 | DZ22: =DK22 -> 0 | EA22: =+AP22 -> 0 | EB22: =DZ22*EA22 -> 0 | ED22: =DY22/EB22 -> #DIV/0! | EE22: =IF($AP22>0.01,1,0) -> 0 | EG22: =DP22 -> 0 | EH22: =K22 -> 0 | EI22: =SUM(M22:Z22) -> 0 | EJ22: =I22 -> 0 | EK22: =(EH22-EI22)*EJ22 -> 0 | EL22: =EG22/EK22 -> #DIV/0! | EM22: =IF(EK22>0.01,1,0) -> 0 | EO22: =EG22 -> 0 | EP22: =EJ22 -> 0 | EQ22: =EO22/(EP22*K22) -> #DIV/0! | ER22: =IF($K22>0.01,1,0) -> 0 | EU22: =DK22 -> 0 | EV22: =CU22 -> 0 | EW22: =I22*CU22 -> 0 | EX22: =DR22 -> 0 | EZ22: =EW22-EX22 -> 0 | FA22: =+IF(EZ22/I22<0,0,(EZ22/I22)) -> #DIV/0!
I23: =IF(E23>0.0001,9.4,0) -> 0 | K23: =E23*60 -> 0 | AN23: =SUM(M23:AM23) -> 0 | AP23: =K23-AN23 -> 0 | CS23: =SUM(AU23:CR23) -> 0 | CU23: =AP23-CS23 -> 0 | CW23: =(SUM(M23:Z23))/K23 -> #DIV/0! | CX23: =(SUM(AA23:AM23))/K23 -> #DIV/0! | CY23: =(SUM(AU23:BQ23))/$K23 -> #DIV/0! | CZ23: =(SUM(BR23:CC23))/K23 -> #DIV/0! | DA23: =(SUM(CD23:CR23))/K23 -> #DIV/0! | DB23: =CU23/K23 -> #DIV/0! | DD23: =AP23 -> 0 | DE23: =CS23 -> 0 | DF23: =$DD23-DE23 -> 0 | DG23: =DF23/$DD23 -> #DIV/0! | DH23: =IF(AP23>0.01,1,0) -> 0 | DJ23: =H23 -> 0 | DK23: =I23 -> 0 | DL23: =DR23/DF23 -> #DIV/0! | DM23: =DL23/DK23 -> #DIV/0! | DN23: =IF(DM23>0.01,1,0) -> #DIV/0! | DR23: =DP23+DQ23 -> 0 | DS23: =IF(DL23=0,0,DP23/DR23) -> #DIV/0! | DT23: =IF(DS23>0.01,1,0) -> #DIV/0! | DV23: =DG23*DM23*DS23 -> #DIV/0! | DW23: =IF($AP23>0.01,1,0) -> 0 | DY23: =DP23 -> 0 | DZ23: =DK23 -> 0 | EA23: =+AP23 -> 0 | EB23: =DZ23*EA23 -> 0 | ED23: =DY23/EB23 -> #DIV/0! | EE23: =IF($AP23>0.01,1,0) -> 0 | EG23: =DP23 -> 0 | EH23: =K23 -> 0 | EI23: =SUM(M23:Z23) -> 0 | EJ23: =I23 -> 0 | EK23: =(EH23-EI23)*EJ23 -> 0 | EL23: =EG23/EK23 -> #DIV/0! | EM23: =IF(EK23>0.01,1,0) -> 0 | EO23: =EG23 -> 0 | EP23: =EJ23 -> 0 | EQ23: =EO23/(EP23*K23) -> #DIV/0! | ER23: =IF($K23>0.01,1,0) -> 0 | EU23: =DK23 -> 0 | EV23: =CU23 -> 0 | EW23: =I23*CU23 -> 0 | EX23: =DR23 -> 0 | EZ23: =EW23-EX23 -> 0 | FA23: =+IF(EZ23/I23<0,0,(EZ23/I23)) -> #DIV/0!
I24: =IF(E24>0.0001,0,0) -> 0 | K24: =E24*60 -> 0 | AN24: =SUM(M24:AM24) -> 0 | AP24: =K24-AN24 -> 0 | CS24: =SUM(AU24:CR24) -> 0 | CU24: =AP24-CS24 -> 0 | CW24: =(SUM(M24:Z24))/K24 -> #DIV/0! | CX24: =(SUM(AA24:AM24))/K24 -> #DIV/0! | CY24: =(SUM(AU24:BQ24))/$K24 -> #DIV/0! | CZ24: =(SUM(BR24:CC24))/K24 -> #DIV/0! | DA24: =(SUM(CD24:CR24))/K24 -> #DIV/0! | DB24: =CU24/K24 -> #DIV/0! | DD24: =AP24 -> 0 | DE24: =CS24 -> 0 | DF24: =$DD24-DE24 -> 0 | DG24: =DF24/$DD24 -> #DIV/0! | DH24: =IF(AP24>0.01,1,0) -> 0 | DJ24: =H24 -> 0 | DK24: =I24 -> 0 | DL24: =DR24/DF24 -> #DIV/0! | DM24: =DL24/DK24 -> #DIV/0! | DN24: =IF(DM24>0.01,1,0) -> #DIV/0! | DR24: =DP24+DQ24 -> 0 | DS24: =IF(DL24=0,0,DP24/DR24) -> #DIV/0! | DT24: =IF(DS24>0.01,1,0) -> #DIV/0! | DV24: =DG24*DM24*DS24 -> #DIV/0! | DW24: =IF($AP24>0.01,1,0) -> 0 | DY24: =DP24 -> 0 | DZ24: =DK24 -> 0 | EA24: =+AP24 -> 0 | EB24: =DZ24*EA24 -> 0 | ED24: =DY24/EB24 -> #DIV/0! | EE24: =IF($AP24>0.01,1,0) -> 0 | EG24: =DP24 -> 0 | EH24: =K24 -> 0 | EI24: =SUM(M24:Z24) -> 0 | EJ24: =I24 -> 0 | EK24: =(EH24-EI24)*EJ24 -> 0 | EL24: =EG24/EK24 -> #DIV/0! | EM24: =IF(EK24>0.01,1,0) -> 0 | EO24: =EG24 -> 0 | EP24: =EJ24 -> 0 | EQ24: =EO24/(EP24*K24) -> #DIV/0! | ER24: =IF($K24>0.01,1,0) -> 0 | EU24: =DK24 -> 0 | EV24: =CU24 -> 0 | EW24: =I24*CU24 -> 0 | EX24: =DR24 -> 0 | EZ24: =EW24-EX24 -> 0 | FA24: =+IF(EZ24/I24<0,0,(EZ24/I24)) -> #DIV/0!
I25: =IF(E25>0.0001,0,0) -> 0 | K25: =E25*60 -> 0 | AN25: =SUM(M25:AM25) -> 0 | AP25: =K25-AN25 -> 0 | CS25: =SUM(AU25:CR25) -> 0 | CU25: =AP25-CS25 -> 0 | CW25: =(SUM(M25:Z25))/K25 -> #DIV/0! | CX25: =(SUM(AA25:AM25))/K25 -> #DIV/0! | CY25: =(SUM(AU25:BQ25))/$K25 -> #DIV/0! | CZ25: =(SUM(BR25:CC25))/K25 -> #DIV/0! | DA25: =(SUM(CD25:CR25))/K25 -> #DIV/0! | DB25: =CU25/K25 -> #DIV/0! | DD25: =AP25 -> 0 | DE25: =CS25 -> 0 | DF25: =$DD25-DE25 -> 0 | DG25: =DF25/$DD25 -> #DIV/0! | DH25: =IF(AP25>0.01,1,0) -> 0 | DJ25: =H25 -> 0 | DK25: =I25 -> 0 | DL25: =DR25/DF25 -> #DIV/0! | DM25: =DL25/DK25 -> #DIV/0! | DN25: =IF(DM25>0.01,1,0) -> #DIV/0! | DR25: =DP25+DQ25 -> 0 | DS25: =IF(DL25=0,0,DP25/DR25) -> #DIV/0! | DT25: =IF(DS25>0.01,1,0) -> #DIV/0! | DV25: =DG25*DM25*DS25 -> #DIV/0! | DW25: =IF($AP25>0.01,1,0) -> 0 | DY25: =DP25 -> 0 | DZ25: =DK25 -> 0 | EA25: =+AP25 -> 0 | EB25: =DZ25*EA25 -> 0 | ED25: =DY25/EB25 -> #DIV/0! | EE25: =IF($AP25>0.01,1,0) -> 0 | EG25: =DP25 -> 0 | EH25: =K25 -> 0 | EI25: =SUM(M25:Z25) -> 0 | EJ25: =I25 -> 0 | EK25: =(EH25-EI25)*EJ25 -> 0 | EL25: =EG25/EK25 -> #DIV/0! | EM25: =IF(EK25>0.01,1,0) -> 0 | EO25: =EG25 -> 0 | EP25: =EJ25 -> 0 | EQ25: =EO25/(EP25*K25) -> #DIV/0! | ER25: =IF($K25>0.01,1,0) -> 0 | EU25: =DK25 -> 0 | EV25: =CU25 -> 0 | EW25: =I25*CU25 -> 0 | EX25: =DR25 -> 0 | EZ25: =EW25-EX25 -> 0 | FA25: =+IF(EZ25/I25<0,0,(EZ25/I25)) -> #DIV/0!
A26: 0 | I26: =IF(E26>0.0001,9.4,0) -> 0 | K26: =E26*60 -> 0 | AN26: =SUM(M26:AM26) -> 0 | AP26: =K26-AN26 -> 0 | CS26: =SUM(AU26:CR26) -> 0 | CU26: =AP26-CS26 -> 0 | CW26: =(SUM(M26:Z26))/K26 -> #DIV/0! | CX26: =(SUM(AA26:AM26))/K26 -> #DIV/0! | CY26: =(SUM(AU26:BQ26))/$K26 -> #DIV/0! | CZ26: =(SUM(BR26:CC26))/K26 -> #DIV/0! | DA26: =(SUM(CD26:CR26))/K26 -> #DIV/0! | DB26: =CU26/K26 -> #DIV/0! | DD26: =AP26 -> 0 | DE26: =CS26 -> 0 | DF26: =$DD26-DE26 -> 0 | DG26: =DF26/$DD26 -> #DIV/0! | DH26: =IF(AP26>0.01,1,0) -> 0 | DJ26: =H26 -> 0 | DK26: =I26 -> 0 | DL26: =DR26/DF26 -> #DIV/0! | DM26: =DL26/DK26 -> #DIV/0! | DN26: =IF(DM26>0.01,1,0) -> #DIV/0! | DR26: =DP26+DQ26 -> 0 | DS26: =IF(DL26=0,0,DP26/DR26) -> #DIV/0! | DT26: =IF(DS26>0.01,1,0) -> #DIV/0! | DV26: =DG26*DM26*DS26 -> #DIV/0! | DW26: =IF($AP26>0.01,1,0) -> 0 | DY26: =DP26 -> 0 | DZ26: =DK26 -> 0 | EA26: =+AP26 -> 0 | EB26: =DZ26*EA26 -> 0 | ED26: =DY26/EB26 -> #DIV/0! | EE26: =IF($AP26>0.01,1,0) -> 0 | EG26: =DP26 -> 0 | EH26: =K26 -> 0 | EI26: =SUM(M26:Z26) -> 0 | EJ26: =I26 -> 0 | EK26: =(EH26-EI26)*EJ26 -> 0 | EL26: =EG26/EK26 -> #DIV/0! | EM26: =IF(EK26>0.01,1,0) -> 0 | EO26: =EG26 -> 0 | EP26: =EJ26 -> 0 | EQ26: =EO26/(EP26*K26) -> #DIV/0! | ER26: =IF($K26>0.01,1,0) -> 0 | EU26: =DK26 -> 0 | EV26: =CU26 -> 0 | EW26: =I26*CU26 -> 0 | EX26: =DR26 -> 0 | EZ26: =EW26-EX26 -> 0 | FA26: =+IF(EZ26/I26<0,0,(EZ26/I26)) -> #DIV/0!
I27: =IF(E27>0.0001,0,0) -> 0 | K27: =E27*60 -> 0 | AN27: =SUM(M27:AM27) -> 0 | AP27: =K27-AN27 -> 0 | CS27: =SUM(AU27:CR27) -> 0 | CU27: =AP27-CS27 -> 0 | CW27: =(SUM(M27:Z27))/K27 -> #DIV/0! | CX27: =(SUM(AA27:AM27))/K27 -> #DIV/0! | CY27: =(SUM(AU27:BQ27))/$K27 -> #DIV/0! | CZ27: =(SUM(BR27:CC27))/K27 -> #DIV/0! | DA27: =(SUM(CD27:CR27))/K27 -> #DIV/0! | DB27: =CU27/K27 -> #DIV/0! | DD27: =AP27 -> 0 | DE27: =CS27 -> 0 | DF27: =$DD27-DE27 -> 0 | DG27: =DF27/$DD27 -> #DIV/0! | DH27: =IF(AP27>0.01,1,0) -> 0 | DJ27: =H27 -> 0 | DK27: =I27 -> 0 | DL27: =DR27/DF27 -> #DIV/0! | DM27: =DL27/DK27 -> #DIV/0! | DN27: =IF(DM27>0.01,1,0) -> #DIV/0! | DR27: =DP27+DQ27 -> 0 | DS27: =IF(DL27=0,0,DP27/DR27) -> #DIV/0! | DT27: =IF(DS27>0.01,1,0) -> #DIV/0! | DV27: =DG27*DM27*DS27 -> #DIV/0! | DW27: =IF($AP27>0.01,1,0) -> 0 | DY27: =DP27 -> 0 | DZ27: =DK27 -> 0 | EA27: =+AP27 -> 0 | EB27: =DZ27*EA27 -> 0 | ED27: =DY27/EB27 -> #DIV/0! | EE27: =IF($AP27>0.01,1,0) -> 0 | EG27: =DP27 -> 0 | EH27: =K27 -> 0 | EI27: =SUM(M27:Z27) -> 0 | EJ27: =I27 -> 0 | EK27: =(EH27-EI27)*EJ27 -> 0 | EL27: =EG27/EK27 -> #DIV/0! | EM27: =IF(EK27>0.01,1,0) -> 0 | EO27: =EG27 -> 0 | EP27: =EJ27 -> 0 | EQ27: =EO27/(EP27*K27) -> #DIV/0! | ER27: =IF($K27>0.01,1,0) -> 0 | EU27: =DK27 -> 0 | EV27: =CU27 -> 0 | EW27: =I27*CU27 -> 0 | EX27: =DR27 -> 0 | EZ27: =EW27-EX27 -> 0 | FA27: =+IF(EZ27/I27<0,0,(EZ27/I27)) -> #DIV/0!
I28: =IF(E28>0.0001,0,0) -> 0 | K28: =E28*60 -> 0 | AN28: =SUM(M28:AM28) -> 0 | AP28: =K28-AN28 -> 0 | CS28: =SUM(AU28:CR28) -> 0 | CU28: =AP28-CS28 -> 0 | CW28: =(SUM(M28:Z28))/K28 -> #DIV/0! | CX28: =(SUM(AA28:AM28))/K28 -> #DIV/0! | CY28: =(SUM(AU28:BQ28))/$K28 -> #DIV/0! | CZ28: =(SUM(BR28:CC28))/K28 -> #DIV/0! | DA28: =(SUM(CD28:CR28))/K28 -> #DIV/0! | DB28: =CU28/K28 -> #DIV/0! | DD28: =AP28 -> 0 | DE28: =CS28 -> 0 | DF28: =$DD28-DE28 -> 0 | DG28: =DF28/$DD28 -> #DIV/0! | DH28: =IF(AP28>0.01,1,0) -> 0 | DJ28: =H28 -> 0 | DK28: =I28 -> 0 | DL28: =DR28/DF28 -> #DIV/0! | DM28: =DL28/DK28 -> #DIV/0! | DN28: =IF(DM28>0.01,1,0) -> #DIV/0! | DR28: =DP28+DQ28 -> 0 | DS28: =IF(DL28=0,0,DP28/DR28) -> #DIV/0! | DT28: =IF(DS28>0.01,1,0) -> #DIV/0! | DV28: =DG28*DM28*DS28 -> #DIV/0! | DW28: =IF($AP28>0.01,1,0) -> 0 | DY28: =DP28 -> 0 | DZ28: =DK28 -> 0 | EA28: =+AP28 -> 0 | EB28: =DZ28*EA28 -> 0 | ED28: =DY28/EB28 -> #DIV/0! | EE28: =IF($AP28>0.01,1,0) -> 0 | EG28: =DP28 -> 0 | EH28: =K28 -> 0 | EI28: =SUM(M28:Z28) -> 0 | EJ28: =I28 -> 0 | EK28: =(EH28-EI28)*EJ28 -> 0 | EL28: =EG28/EK28 -> #DIV/0! | EM28: =IF(EK28>0.01,1,0) -> 0 | EO28: =EG28 -> 0 | EP28: =EJ28 -> 0 | EQ28: =EO28/(EP28*K28) -> #DIV/0! | ER28: =IF($K28>0.01,1,0) -> 0 | EU28: =DK28 -> 0 | EV28: =CU28 -> 0 | EW28: =I28*CU28 -> 0 | EX28: =DR28 -> 0 | EZ28: =EW28-EX28 -> 0 | FA28: =+IF(EZ28/I28<0,0,(EZ28/I28)) -> #DIV/0!
I29: =IF(E29>0.0001,0,0) -> 0 | K29: =E29*60 -> 0 | AN29: =SUM(M29:AM29) -> 0 | AP29: =K29-AN29 -> 0 | CS29: =SUM(AU29:CR29) -> 0 | CU29: =AP29-CS29 -> 0 | CW29: =(SUM(M29:Z29))/K29 -> #DIV/0! | CX29: =(SUM(AA29:AM29))/K29 -> #DIV/0! | CY29: =(SUM(AU29:BQ29))/$K29 -> #DIV/0! | CZ29: =(SUM(BR29:CC29))/K29 -> #DIV/0! | DA29: =(SUM(CD29:CR29))/K29 -> #DIV/0! | DB29: =CU29/K29 -> #DIV/0! | DD29: =AP29 -> 0 | DE29: =CS29 -> 0 | DF29: =$DD29-DE29 -> 0 | DG29: =DF29/$DD29 -> #DIV/0! | DH29: =IF(AP29>0.01,1,0) -> 0 | DJ29: =H29 -> 0 | DK29: =I29 -> 0 | DL29: =DR29/DF29 -> #DIV/0! | DM29: =DL29/DK29 -> #DIV/0! | DN29: =IF(DM29>0.01,1,0) -> #DIV/0! | DR29: =DP29+DQ29 -> 0 | DS29: =IF(DL29=0,0,DP29/DR29) -> #DIV/0! | DT29: =IF(DS29>0.01,1,0) -> #DIV/0! | DV29: =DG29*DM29*DS29 -> #DIV/0! | DW29: =IF($AP29>0.01,1,0) -> 0 | DY29: =DP29 -> 0 | DZ29: =DK29 -> 0 | EA29: =+AP29 -> 0 | EB29: =DZ29*EA29 -> 0 | ED29: =DY29/EB29 -> #DIV/0! | EE29: =IF($AP29>0.01,1,0) -> 0 | EG29: =DP29 -> 0 | EH29: =K29 -> 0 | EI29: =SUM(M29:Z29) -> 0 | EJ29: =I29 -> 0 | EK29: =(EH29-EI29)*EJ29 -> 0 | EL29: =EG29/EK29 -> #DIV/0! | EM29: =IF(EK29>0.01,1,0) -> 0 | EO29: =EG29 -> 0 | EP29: =EJ29 -> 0 | EQ29: =EO29/(EP29*K29) -> #DIV/0! | ER29: =IF($K29>0.01,1,0) -> 0 | EU29: =DK29 -> 0 | EV29: =CU29 -> 0 | EW29: =I29*CU29 -> 0 | EX29: =DR29 -> 0 | EZ29: =EW29-EX29 -> 0 | FA29: =+IF(EZ29/I29<0,0,(EZ29/I29)) -> #DIV/0!
I30: =IF(E30>0.0001,0,0) -> 0 | K30: =E30*60 -> 0 | AN30: =SUM(M30:AM30) -> 0 | AP30: =K30-AN30 -> 0 | CS30: =SUM(AU30:CR30) -> 0 | CU30: =AP30-CS30 -> 0 | CW30: =(SUM(M30:Z30))/K30 -> #DIV/0! | CX30: =(SUM(AA30:AM30))/K30 -> #DIV/0! | CY30: =(SUM(AU30:BQ30))/$K30 -> #DIV/0! | CZ30: =(SUM(BR30:CC30))/K30 -> #DIV/0! | DA30: =(SUM(CD30:CR30))/K30 -> #DIV/0! | DB30: =CU30/K30 -> #DIV/0! | DD30: =AP30 -> 0 | DE30: =CS30 -> 0 | DF30: =$DD30-DE30 -> 0 | DG30: =DF30/$DD30 -> #DIV/0! | DH30: =IF(AP30>0.01,1,0) -> 0 | DJ30: =H30 -> 0 | DK30: =I30 -> 0 | DL30: =DR30/DF30 -> #DIV/0! | DM30: =DL30/DK30 -> #DIV/0! | DN30: =IF(DM30>0.01,1,0) -> #DIV/0! | DR30: =DP30+DQ30 -> 0 | DS30: =IF(DL30=0,0,DP30/DR30) -> #DIV/0! | DT30: =IF(DS30>0.01,1,0) -> #DIV/0! | DV30: =DG30*DM30*DS30 -> #DIV/0! | DW30: =IF($AP30>0.01,1,0) -> 0 | DY30: =DP30 -> 0 | DZ30: =DK30 -> 0 | EA30: =+AP30 -> 0 | EB30: =DZ30*EA30 -> 0 | ED30: =DY30/EB30 -> #DIV/0! | EE30: =IF($AP30>0.01,1,0) -> 0 | EG30: =DP30 -> 0 | EH30: =K30 -> 0 | EI30: =SUM(M30:Z30) -> 0 | EJ30: =I30 -> 0 | EK30: =(EH30-EI30)*EJ30 -> 0 | EL30: =EG30/EK30 -> #DIV/0! | EM30: =IF(EK30>0.01,1,0) -> 0 | EO30: =EG30 -> 0 | EP30: =EJ30 -> 0 | EQ30: =EO30/(EP30*K30) -> #DIV/0! | ER30: =IF($K30>0.01,1,0) -> 0 | EU30: =DK30 -> 0 | EV30: =CU30 -> 0 | EW30: =I30*CU30 -> 0 | EX30: =DR30 -> 0 | EZ30: =EW30-EX30 -> 0 | FA30: =+IF(EZ30/I30<0,0,(EZ30/I30)) -> #DIV/0!
I31: =IF(E31>0.0001,0,0) -> 0 | K31: =E31*60 -> 0 | AN31: =SUM(M31:AM31) -> 0 | AP31: =K31-AN31 -> 0 | CS31: =SUM(AU31:CR31) -> 0 | CU31: =AP31-CS31 -> 0 | CW31: =(SUM(M31:Z31))/K31 -> #DIV/0! | CX31: =(SUM(AA31:AM31))/K31 -> #DIV/0! | CY31: =(SUM(AU31:BQ31))/$K31 -> #DIV/0! | CZ31: =(SUM(BR31:CC31))/K31 -> #DIV/0! | DA31: =(SUM(CD31:CR31))/K31 -> #DIV/0! | DB31: =CU31/K31 -> #DIV/0! | DD31: =AP31 -> 0 | DE31: =CS31 -> 0 | DF31: =$DD31-DE31 -> 0 | DG31: =DF31/$DD31 -> #DIV/0! | DH31: =IF(AP31>0.01,1,0) -> 0 | DJ31: =H31 -> 0 | DK31: =I31 -> 0 | DL31: =DR31/DF31 -> #DIV/0! | DM31: =DL31/DK31 -> #DIV/0! | DN31: =IF(DM31>0.01,1,0) -> #DIV/0! | DR31: =DP31+DQ31 -> 0 | DS31: =IF(DL31=0,0,DP31/DR31) -> #DIV/0! | DT31: =IF(DS31>0.01,1,0) -> #DIV/0! | DV31: =DG31*DM31*DS31 -> #DIV/0! | DW31: =IF($AP31>0.01,1,0) -> 0 | DY31: =DP31 -> 0 | DZ31: =DK31 -> 0 | EA31: =+AP31 -> 0 | EB31: =DZ31*EA31 -> 0 | ED31: =DY31/EB31 -> #DIV/0! | EE31: =IF($AP31>0.01,1,0) -> 0 | EG31: =DP31 -> 0 | EH31: =K31 -> 0 | EI31: =SUM(M31:Z31) -> 0 | EJ31: =I31 -> 0 | EK31: =(EH31-EI31)*EJ31 -> 0 | EL31: =EG31/EK31 -> #DIV/0! | EM31: =IF(EK31>0.01,1,0) -> 0 | EO31: =EG31 -> 0 | EP31: =EJ31 -> 0 | EQ31: =EO31/(EP31*K31) -> #DIV/0! | ER31: =IF($K31>0.01,1,0) -> 0 | EU31: =DK31 -> 0 | EV31: =CU31 -> 0 | EW31: =I31*CU31 -> 0 | EX31: =DR31 -> 0 | EZ31: =EW31-EX31 -> 0 | FA31: =+IF(EZ31/I31<0,0,(EZ31/I31)) -> #DIV/0!
I32: =IF(E32>0.0001,12.5,0) -> 0 | K32: =E32*60 -> 0 | AN32: =SUM(M32:AM32) -> 0 | AP32: =K32-AN32 -> 0 | CS32: =SUM(AU32:CR32) -> 0 | CU32: =AP32-CS32 -> 0 | CW32: =(SUM(M32:Z32))/K32 -> #DIV/0! | CX32: =(SUM(AA32:AM32))/K32 -> #DIV/0! | CY32: =(SUM(AU32:BQ32))/$K32 -> #DIV/0! | CZ32: =(SUM(BR32:CC32))/K32 -> #DIV/0! | DA32: =(SUM(CD32:CR32))/K32 -> #DIV/0! | DB32: =CU32/K32 -> #DIV/0! | DD32: =AP32 -> 0 | DE32: =CS32 -> 0 | DF32: =$DD32-DE32 -> 0 | DG32: =DF32/$DD32 -> #DIV/0! | DH32: =IF(AP32>0.01,1,0) -> 0 | DJ32: =H32 -> 0 | DK32: =I32 -> 0 | DL32: =DR32/DF32 -> #DIV/0! | DM32: =DL32/DK32 -> #DIV/0! | DN32: =IF(DM32>0.01,1,0) -> #DIV/0! | DR32: =DP32+DQ32 -> 0 | DS32: =IF(DL32=0,0,DP32/DR32) -> #DIV/0! | DT32: =IF(DS32>0.01,1,0) -> #DIV/0! | DV32: =DG32*DM32*DS32 -> #DIV/0! | DW32: =IF($AP32>0.01,1,0) -> 0 | DY32: =DP32 -> 0 | DZ32: =DK32 -> 0 | EA32: =+AP32 -> 0 | EB32: =DZ32*EA32 -> 0 | ED32: =DY32/EB32 -> #DIV/0! | EE32: =IF($AP32>0.01,1,0) -> 0 | EG32: =DP32 -> 0 | EH32: =K32 -> 0 | EI32: =SUM(M32:Z32) -> 0 | EJ32: =I32 -> 0 | EK32: =(EH32-EI32)*EJ32 -> 0 | EL32: =EG32/EK32 -> #DIV/0! | EM32: =IF(EK32>0.01,1,0) -> 0 | EO32: =EG32 -> 0 | EP32: =EJ32 -> 0 | EQ32: =EO32/(EP32*K32) -> #DIV/0! | ER32: =IF($K32>0.01,1,0) -> 0 | EU32: =DK32 -> 0 | EV32: =CU32 -> 0 | EW32: =I32*CU32 -> 0 | EX32: =DR32 -> 0 | EZ32: =EW32-EX32 -> 0 | FA32: =+IF(EZ32/I32<0,0,(EZ32/I32)) -> #DIV/0!
I33: =IF(E33>0.0001,12.5,0) -> 0 | K33: =E33*60 -> 0 | AN33: =SUM(M33:AM33) -> 0 | AP33: =K33-AN33 -> 0 | CS33: =SUM(AU33:CR33) -> 0 | CU33: =AP33-CS33 -> 0 | CW33: =(SUM(M33:Z33))/K33 -> #DIV/0! | CX33: =(SUM(AA33:AM33))/K33 -> #DIV/0! | CY33: =(SUM(AU33:BQ33))/$K33 -> #DIV/0! | CZ33: =(SUM(BR33:CC33))/K33 -> #DIV/0! | DA33: =(SUM(CD33:CR33))/K33 -> #DIV/0! | DB33: =CU33/K33 -> #DIV/0! | DD33: =AP33 -> 0 | DE33: =CS33 -> 0 | DF33: =$DD33-DE33 -> 0 | DG33: =DF33/$DD33 -> #DIV/0! | DH33: =IF(AP33>0.01,1,0) -> 0 | DJ33: =H33 -> 0 | DK33: =I33 -> 0 | DL33: =DR33/DF33 -> #DIV/0! | DM33: =DL33/DK33 -> #DIV/0! | DN33: =IF(DM33>0.01,1,0) -> #DIV/0! | DR33: =DP33+DQ33 -> 0 | DS33: =IF(DL33=0,0,DP33/DR33) -> #DIV/0! | DT33: =IF(DS33>0.01,1,0) -> #DIV/0! | DV33: =DG33*DM33*DS33 -> #DIV/0! | DW33: =IF($AP33>0.01,1,0) -> 0 | DY33: =DP33 -> 0 | DZ33: =DK33 -> 0 | EA33: =+AP33 -> 0 | EB33: =DZ33*EA33 -> 0 | ED33: =DY33/EB33 -> #DIV/0! | EE33: =IF($AP33>0.01,1,0) -> 0 | EG33: =DP33 -> 0 | EH33: =K33 -> 0 | EI33: =SUM(M33:Z33) -> 0 | EJ33: =I33 -> 0 | EK33: =(EH33-EI33)*EJ33 -> 0 | EL33: =EG33/EK33 -> #DIV/0! | EM33: =IF(EK33>0.01,1,0) -> 0 | EO33: =EG33 -> 0 | EP33: =EJ33 -> 0 | EQ33: =EO33/(EP33*K33) -> #DIV/0! | ER33: =IF($K33>0.01,1,0) -> 0 | EU33: =DK33 -> 0 | EV33: =CU33 -> 0 | EW33: =I33*CU33 -> 0 | EX33: =DR33 -> 0 | EZ33: =EW33-EX33 -> 0 | FA33: =+IF(EZ33/I33<0,0,(EZ33/I33)) -> #DIV/0!
I34: =IF(E34>0.0001,0,0) -> 0 | K34: =E34*60 -> 0 | AN34: =SUM(M34:AM34) -> 0 | AP34: =K34-AN34 -> 0 | CS34: =SUM(AU34:CR34) -> 0 | CU34: =AP34-CS34 -> 0 | CW34: =(SUM(M34:Z34))/K34 -> #DIV/0! | CX34: =(SUM(AA34:AM34))/K34 -> #DIV/0! | CY34: =(SUM(AU34:BQ34))/$K34 -> #DIV/0! | CZ34: =(SUM(BR34:CC34))/K34 -> #DIV/0! | DA34: =(SUM(CD34:CR34))/K34 -> #DIV/0! | DB34: =CU34/K34 -> #DIV/0! | DD34: =AP34 -> 0 | DE34: =CS34 -> 0 | DF34: =$DD34-DE34 -> 0 | DG34: =DF34/$DD34 -> #DIV/0! | DH34: =IF(AP34>0.01,1,0) -> 0 | DJ34: =H34 -> 0 | DK34: =I34 -> 0 | DL34: =DR34/DF34 -> #DIV/0! | DM34: =DL34/DK34 -> #DIV/0! | DN34: =IF(DM34>0.01,1,0) -> #DIV/0! | DR34: =DP34+DQ34 -> 0 | DS34: =IF(DL34=0,0,DP34/DR34) -> #DIV/0! | DT34: =IF(DS34>0.01,1,0) -> #DIV/0! | DV34: =DG34*DM34*DS34 -> #DIV/0! | DW34: =IF($AP34>0.01,1,0) -> 0 | DY34: =DP34 -> 0 | DZ34: =DK34 -> 0 | EA34: =+AP34 -> 0 | EB34: =DZ34*EA34 -> 0 | ED34: =DY34/EB34 -> #DIV/0! | EE34: =IF($AP34>0.01,1,0) -> 0 | EG34: =DP34 -> 0 | EH34: =K34 -> 0 | EI34: =SUM(M34:Z34) -> 0 | EJ34: =I34 -> 0 | EK34: =(EH34-EI34)*EJ34 -> 0 | EL34: =EG34/EK34 -> #DIV/0! | EM34: =IF(EK34>0.01,1,0) -> 0 | EO34: =EG34 -> 0 | EP34: =EJ34 -> 0 | EQ34: =EO34/(EP34*K34) -> #DIV/0! | ER34: =IF($K34>0.01,1,0) -> 0 | EU34: =DK34 -> 0 | EV34: =CU34 -> 0 | EW34: =I34*CU34 -> 0 | EX34: =DR34 -> 0 | EZ34: =EW34-EX34 -> 0 | FA34: =+IF(EZ34/I34<0,0,(EZ34/I34)) -> #DIV/0!
I35: =IF(E35>0.0001,12.5,0) -> 0 | K35: =E35*60 -> 0 | AN35: =SUM(M35:AM35) -> 0 | AP35: =K35-AN35 -> 0 | CS35: =SUM(AU35:CR35) -> 0 | CU35: =AP35-CS35 -> 0 | CW35: =(SUM(M35:Z35))/K35 -> #DIV/0! | CX35: =(SUM(AA35:AM35))/K35 -> #DIV/0! | CY35: =(SUM(AU35:BQ35))/$K35 -> #DIV/0! | CZ35: =(SUM(BR35:CC35))/K35 -> #DIV/0! | DA35: =(SUM(CD35:CR35))/K35 -> #DIV/0! | DB35: =CU35/K35 -> #DIV/0! | DD35: =AP35 -> 0 | DE35: =CS35 -> 0 | DF35: =$DD35-DE35 -> 0 | DG35: =DF35/$DD35 -> #DIV/0! | DH35: =IF(AP35>0.01,1,0) -> 0 | DJ35: =H35 -> 0 | DK35: =I35 -> 0 | DL35: =DR35/DF35 -> #DIV/0! | DM35: =DL35/DK35 -> #DIV/0! | DN35: =IF(DM35>0.01,1,0) -> #DIV/0! | DR35: =DP35+DQ35 -> 0 | DS35: =IF(DL35=0,0,DP35/DR35) -> #DIV/0! | DT35: =IF(DS35>0.01,1,0) -> #DIV/0! | DV35: =DG35*DM35*DS35 -> #DIV/0! | DW35: =IF($AP35>0.01,1,0) -> 0 | DY35: =DP35 -> 0 | DZ35: =DK35 -> 0 | EA35: =+AP35 -> 0 | EB35: =DZ35*EA35 -> 0 | ED35: =DY35/EB35 -> #DIV/0! | EE35: =IF($AP35>0.01,1,0) -> 0 | EG35: =DP35 -> 0 | EH35: =K35 -> 0 | EI35: =SUM(M35:Z35) -> 0 | EJ35: =I35 -> 0 | EK35: =(EH35-EI35)*EJ35 -> 0 | EL35: =EG35/EK35 -> #DIV/0! | EM35: =IF(EK35>0.01,1,0) -> 0 | EO35: =EG35 -> 0 | EP35: =EJ35 -> 0 | EQ35: =EO35/(EP35*K35) -> #DIV/0! | ER35: =IF($K35>0.01,1,0) -> 0 | EU35: =DK35 -> 0 | EV35: =CU35 -> 0 | EW35: =I35*CU35 -> 0 | EX35: =DR35 -> 0 | EZ35: =EW35-EX35 -> 0 | FA35: =+IF(EZ35/I35<0,0,(EZ35/I35)) -> #DIV/0!
I36: =IF(E36>0.0001,0,0) -> 0 | K36: =E36*60 -> 0 | AN36: =SUM(M36:AM36) -> 0 | AP36: =K36-AN36 -> 0 | CS36: =SUM(AU36:CR36) -> 0 | CU36: =AP36-CS36 -> 0 | CW36: =(SUM(M36:Z36))/K36 -> #DIV/0! | CX36: =(SUM(AA36:AM36))/K36 -> #DIV/0! | CY36: =(SUM(AU36:BQ36))/$K36 -> #DIV/0! | CZ36: =(SUM(BR36:CC36))/K36 -> #DIV/0! | DA36: =(SUM(CD36:CR36))/K36 -> #DIV/0! | DB36: =CU36/K36 -> #DIV/0! | DD36: =AP36 -> 0 | DE36: =CS36 -> 0 | DF36: =$DD36-DE36 -> 0 | DG36: =DF36/$DD36 -> #DIV/0! | DH36: =IF(AP36>0.01,1,0) -> 0 | DJ36: =H36 -> 0 | DK36: 0 | DL36: =DR36/DF36 -> #DIV/0! | DM36: =DL36/DK36 -> #DIV/0! | DN36: =IF(DM36>0.01,1,0) -> #DIV/0! | DR36: =DP36+DQ36 -> 0 | DS36: =IF(DL36=0,0,DP36/DR36) -> #DIV/0! | DT36: =IF(DS36>0.01,1,0) -> #DIV/0! | DV36: =DG36*DM36*DS36 -> #DIV/0! | DW36: =IF($AP36>0.01,1,0) -> 0 | DY36: =DP36 -> 0 | DZ36: =DK36 -> 0 | EA36: =+AP36 -> 0 | EB36: =DZ36*EA36 -> 0 | ED36: =DY36/EB36 -> #DIV/0! | EE36: =IF($AP36>0.01,1,0) -> 0 | EG36: =DP36 -> 0 | EH36: =K36 -> 0 | EI36: =SUM(M36:Z36) -> 0 | EJ36: =I36 -> 0 | EK36: =(EH36-EI36)*EJ36 -> 0 | EL36: =EG36/EK36 -> #DIV/0! | EM36: =IF(EK36>0.01,1,0) -> 0 | EO36: =EG36 -> 0 | EP36: =EJ36 -> 0 | EQ36: =EO36/(EP36*K36) -> #DIV/0! | ER36: =IF($K36>0.01,1,0) -> 0 | EU36: =DK36 -> 0 | EV36: =CU36 -> 0 | EW36: =I36*CU36 -> 0 | EX36: =DR36 -> 0 | EZ36: =EW36-EX36 -> 0 | FA36: =+IF(EZ36/I36<0,0,(EZ36/I36)) -> #DIV/0!
I37: =IF(E37>0.0001,0,0) -> 0 | K37: =E37*60 -> 0 | AN37: =SUM(M37:AM37) -> 0 | AP37: =K37-AN37 -> 0 | CS37: =SUM(AU37:CR37) -> 0 | CU37: =AP37-CS37 -> 0 | CW37: =(SUM(M37:Z37))/K37 -> #DIV/0! | CX37: =(SUM(AA37:AM37))/K37 -> #DIV/0! | CY37: =(SUM(AU37:BQ37))/$K37 -> #DIV/0! | CZ37: =(SUM(BR37:CC37))/K37 -> #DIV/0! | DA37: =(SUM(CD37:CR37))/K37 -> #DIV/0! | DB37: =CU37/K37 -> #DIV/0! | DD37: =AP37 -> 0 | DE37: =CS37 -> 0 | DF37: =$DD37-DE37 -> 0 | DG37: =DF37/$DD37 -> #DIV/0! | DH37: =IF(AP37>0.01,1,0) -> 0 | DJ37: =H37 -> 0 | DK37: 0 | DL37: =DR37/DF37 -> #DIV/0! | DM37: =DL37/DK37 -> #DIV/0! | DN37: =IF(DM37>0.01,1,0) -> #DIV/0! | DR37: =DP37+DQ37 -> 0 | DS37: =IF(DL37=0,0,DP37/DR37) -> #DIV/0! | DT37: =IF(DS37>0.01,1,0) -> #DIV/0! | DV37: =DG37*DM37*DS37 -> #DIV/0! | DW37: =IF($AP37>0.01,1,0) -> 0 | DY37: =DP37 -> 0 | DZ37: =DK37 -> 0 | EA37: =+AP37 -> 0 | EB37: =DZ37*EA37 -> 0 | ED37: =DY37/EB37 -> #DIV/0! | EE37: =IF($AP37>0.01,1,0) -> 0 | EG37: =DP37 -> 0 | EH37: =K37 -> 0 | EI37: =SUM(M37:Z37) -> 0 | EJ37: =I37 -> 0 | EK37: =(EH37-EI37)*EJ37 -> 0 | EL37: =EG37/EK37 -> #DIV/0! | EM37: =IF(EK37>0.01,1,0) -> 0 | EO37: =EG37 -> 0 | EP37: =EJ37 -> 0 | EQ37: =EO37/(EP37*K37) -> #DIV/0! | ER37: =IF($K37>0.01,1,0) -> 0 | EU37: =DK37 -> 0 | EV37: =CU37 -> 0 | EW37: =I37*CU37 -> 0 | EX37: =DR37 -> 0 | EZ37: =EW37-EX37 -> 0 | FA37: =+IF(EZ37/I37<0,0,(EZ37/I37)) -> #DIV/0!
I38: =IF(E38>0.0001,0,0) -> 0 | K38: =E38*60 -> 0 | AN38: =SUM(M38:AM38) -> 0 | AP38: =K38-AN38 -> 0 | CS38: =SUM(AU38:CR38) -> 0 | CU38: =AP38-CS38 -> 0 | CW38: =(SUM(M38:Z38))/K38 -> #DIV/0! | CX38: =(SUM(AA38:AM38))/K38 -> #DIV/0! | CY38: =(SUM(AU38:BQ38))/$K38 -> #DIV/0! | CZ38: =(SUM(BR38:CC38))/K38 -> #DIV/0! | DA38: =(SUM(CD38:CR38))/K38 -> #DIV/0! | DB38: =CU38/K38 -> #DIV/0! | DD38: =AP38 -> 0 | DE38: =CS38 -> 0 | DF38: =$DD38-DE38 -> 0 | DG38: =DF38/$DD38 -> #DIV/0! | DH38: =IF(AP38>0.01,1,0) -> 0 | DJ38: =H38 -> 0 | DK38: =I38 -> 0 | DL38: =DR38/DF38 -> #DIV/0! | DM38: =DL38/DK38 -> #DIV/0! | DN38: =IF(DM38>0.01,1,0) -> #DIV/0! | DR38: =DP38+DQ38 -> 0 | DS38: =IF(DL38=0,0,DP38/DR38) -> #DIV/0! | DT38: =IF(DS38>0.01,1,0) -> #DIV/0! | DV38: =DG38*DM38*DS38 -> #DIV/0! | DW38: =IF($AP38>0.01,1,0) -> 0 | DY38: =DP38 -> 0 | DZ38: =DK38 -> 0 | EA38: =+AP38 -> 0 | EB38: =DZ38*EA38 -> 0 | ED38: =DY38/EB38 -> #DIV/0! | EE38: =IF($AP38>0.01,1,0) -> 0 | EG38: =DP38 -> 0 | EH38: =K38 -> 0 | EI38: =SUM(M38:Z38) -> 0 | EJ38: =I38 -> 0 | EK38: =(EH38-EI38)*EJ38 -> 0 | EL38: =EG38/EK38 -> #DIV/0! | EM38: =IF(EK38>0.01,1,0) -> 0 | EO38: =EG38 -> 0 | EP38: =EJ38 -> 0 | EQ38: =EO38/(EP38*K38) -> #DIV/0! | ER38: =IF($K38>0.01,1,0) -> 0 | EU38: =DK38 -> 0 | EV38: =CU38 -> 0 | EW38: =I38*CU38 -> 0 | EX38: =DR38 -> 0 | EZ38: =EW38-EX38 -> 0 | FA38: =+IF(EZ38/I38<0,0,(EZ38/I38)) -> #DIV/0!
I39: =IF(E39>0.0001,0,0) -> 0 | K39: =E39*60 -> 0 | AN39: =SUM(M39:AM39) -> 0 | AP39: =K39-AN39 -> 0 | CS39: =SUM(AU39:CR39) -> 0 | CU39: =AP39-CS39 -> 0 | CW39: =(SUM(M39:Z39))/K39 -> #DIV/0! | CX39: =(SUM(AA39:AM39))/K39 -> #DIV/0! | CY39: =(SUM(AU39:BQ39))/$K39 -> #DIV/0! | CZ39: =(SUM(BR39:CC39))/K39 -> #DIV/0! | DA39: =(SUM(CD39:CR39))/K39 -> #DIV/0! | DB39: =CU39/K39 -> #DIV/0! | DD39: =AP39 -> 0 | DE39: =CS39 -> 0 | DF39: =$DD39-DE39 -> 0 | DG39: =DF39/$DD39 -> #DIV/0! | DH39: =IF(AP39>0.01,1,0) -> 0 | DJ39: =H39 -> 0 | DK39: 0 | DL39: =DR39/DF39 -> #DIV/0! | DM39: =DL39/DK39 -> #DIV/0! | DN39: =IF(DM39>0.01,1,0) -> #DIV/0! | DR39: =DP39+DQ39 -> 0 | DS39: =IF(DL39=0,0,DP39/DR39) -> #DIV/0! | DT39: =IF(DS39>0.01,1,0) -> #DIV/0! | DV39: =DG39*DM39*DS39 -> #DIV/0! | DW39: =IF($AP39>0.01,1,0) -> 0 | DY39: =DP39 -> 0 | DZ39: =DK39 -> 0 | EA39: =+AP39 -> 0 | EB39: =DZ39*EA39 -> 0 | ED39: =DY39/EB39 -> #DIV/0! | EE39: =IF($AP39>0.01,1,0) -> 0 | EG39: =DP39 -> 0 | EH39: =K39 -> 0 | EI39: =SUM(M39:Z39) -> 0 | EJ39: =I39 -> 0 | EK39: =(EH39-EI39)*EJ39 -> 0 | EL39: =EG39/EK39 -> #DIV/0! | EM39: =IF(EK39>0.01,1,0) -> 0 | EO39: =EG39 -> 0 | EP39: =EJ39 -> 0 | EQ39: =EO39/(EP39*K39) -> #DIV/0! | ER39: =IF($K39>0.01,1,0) -> 0 | EU39: =DK39 -> 0 | EV39: =CU39 -> 0 | EW39: =I39*CU39 -> 0 | EX39: =DR39 -> 0 | EZ39: =EW39-EX39 -> 0 | FA39: =+IF(EZ39/I39<0,0,(EZ39/I39)) -> #DIV/0!
I40: =IF(E40>0.0001,0,0) -> 0 | K40: =E40*60 -> 0 | AN40: =SUM(M40:AM40) -> 0 | AP40: =K40-AN40 -> 0 | CS40: =SUM(AU40:CR40) -> 0 | CU40: =AP40-CS40 -> 0 | CW40: =(SUM(M40:Z40))/K40 -> #DIV/0! | CX40: =(SUM(AA40:AM40))/K40 -> #DIV/0! | CY40: =(SUM(AU40:BQ40))/$K40 -> #DIV/0! | CZ40: =(SUM(BR40:CC40))/K40 -> #DIV/0! | DA40: =(SUM(CD40:CR40))/K40 -> #DIV/0! | DB40: =CU40/K40 -> #DIV/0! | DD40: =AP40 -> 0 | DE40: =CS40 -> 0 | DF40: =$DD40-DE40 -> 0 | DG40: =DF40/$DD40 -> #DIV/0! | DH40: =IF(AP40>0.01,1,0) -> 0 | DJ40: =H40 -> 0 | DK40: 0 | DL40: =DR40/DF40 -> #DIV/0! | DM40: =DL40/DK40 -> #DIV/0! | DN40: =IF(DM40>0.01,1,0) -> #DIV/0! | DR40: =DP40+DQ40 -> 0 | DS40: =IF(DL40=0,0,DP40/DR40) -> #DIV/0! | DT40: =IF(DS40>0.01,1,0) -> #DIV/0! | DV40: =DG40*DM40*DS40 -> #DIV/0! | DW40: =IF($AP40>0.01,1,0) -> 0 | DY40: =DP40 -> 0 | DZ40: =DK40 -> 0 | EA40: =+AP40 -> 0 | EB40: =DZ40*EA40 -> 0 | ED40: =DY40/EB40 -> #DIV/0! | EE40: =IF($AP40>0.01,1,0) -> 0 | EG40: =DP40 -> 0 | EH40: =K40 -> 0 | EI40: =SUM(M40:Z40) -> 0 | EJ40: =I40 -> 0 | EK40: =(EH40-EI40)*EJ40 -> 0 | EL40: =EG40/EK40 -> #DIV/0! | EM40: =IF(EK40>0.01,1,0) -> 0 | EO40: =EG40 -> 0 | EP40: =EJ40 -> 0 | EQ40: =EO40/(EP40*K40) -> #DIV/0! | ER40: =IF($K40>0.01,1,0) -> 0 | EU40: =DK40 -> 0 | EV40: =CU40 -> 0 | EW40: =I40*CU40 -> 0 | EX40: =DR40 -> 0 | EZ40: =EW40-EX40 -> 0 | FA40: =+IF(EZ40/I40<0,0,(EZ40/I40)) -> #DIV/0!
I41: =IF(E41>0.0001,0,0) -> 0 | K41: =E41*60 -> 0 | AN41: =SUM(M41:AM41) -> 0 | AP41: =K41-AN41 -> 0 | CS41: =SUM(AU41:CR41) -> 0 | CU41: =AP41-CS41 -> 0 | CW41: =(SUM(M41:Z41))/K41 -> #DIV/0! | CX41: =(SUM(AA41:AM41))/K41 -> #DIV/0! | CY41: =(SUM(AU41:BQ41))/$K41 -> #DIV/0! | CZ41: =(SUM(BR41:CC41))/K41 -> #DIV/0! | DA41: =(SUM(CD41:CR41))/K41 -> #DIV/0! | DB41: =CU41/K41 -> #DIV/0! | DD41: =AP41 -> 0 | DE41: =CS41 -> 0 | DF41: =$DD41-DE41 -> 0 | DG41: =DF41/$DD41 -> #DIV/0! | DH41: =IF(AP41>0.01,1,0) -> 0 | DJ41: =H41 -> 0 | DK41: =I41 -> 0 | DL41: =DR41/DF41 -> #DIV/0! | DM41: =DL41/DK41 -> #DIV/0! | DN41: =IF(DM41>0.01,1,0) -> #DIV/0! | DR41: =DP41+DQ41 -> 0 | DS41: =IF(DL41=0,0,DP41/DR41) -> #DIV/0! | DT41: =IF(DS41>0.01,1,0) -> #DIV/0! | DV41: =DG41*DM41*DS41 -> #DIV/0! | DW41: =IF($AP41>0.01,1,0) -> 0 | DY41: =DP41 -> 0 | DZ41: =DK41 -> 0 | EA41: =+AP41 -> 0 | EB41: =DZ41*EA41 -> 0 | ED41: =DY41/EB41 -> #DIV/0! | EE41: =IF($AP41>0.01,1,0) -> 0 | EG41: =DP41 -> 0 | EH41: =K41 -> 0 | EI41: =SUM(M41:Z41) -> 0 | EJ41: =I41 -> 0 | EK41: =(EH41-EI41)*EJ41 -> 0 | EL41: =EG41/EK41 -> #DIV/0! | EM41: =IF(EK41>0.01,1,0) -> 0 | EO41: =EG41 -> 0 | EP41: =EJ41 -> 0 | EQ41: =EO41/(EP41*K41) -> #DIV/0! | ER41: =IF($K41>0.01,1,0) -> 0 | EU41: =DK41 -> 0 | EV41: =CU41 -> 0 | EW41: =I41*CU41 -> 0 | EX41: =DR41 -> 0 | EZ41: =EW41-EX41 -> 0 | FA41: =+IF(EZ41/I41<0,0,(EZ41/I41)) -> #DIV/0!
I42: =IF(E42>0.0001,0,0) -> 0 | K42: =E42*60 -> 0 | AN42: =SUM(M42:AM42) -> 0 | AP42: =K42-AN42 -> 0 | CS42: =SUM(AU42:CR42) -> 0 | CU42: =AP42-CS42 -> 0 | CW42: =(SUM(M42:Z42))/K42 -> #DIV/0! | CX42: =(SUM(AA42:AM42))/K42 -> #DIV/0! | CY42: =(SUM(AU42:BQ42))/$K42 -> #DIV/0! | CZ42: =(SUM(BR42:CC42))/K42 -> #DIV/0! | DA42: =(SUM(CD42:CR42))/K42 -> #DIV/0! | DB42: =CU42/K42 -> #DIV/0! | DD42: =AP42 -> 0 | DE42: =CS42 -> 0 | DF42: =$DD42-DE42 -> 0 | DG42: =DF42/$DD42 -> #DIV/0! | DH42: =IF(AP42>0.01,1,0) -> 0 | DJ42: =H42 -> 0 | DK42: =I42 -> 0 | DL42: =DR42/DF42 -> #DIV/0! | DM42: =DL42/DK42 -> #DIV/0! | DN42: =IF(DM42>0.01,1,0) -> #DIV/0! | DR42: =DP42+DQ42 -> 0 | DS42: =IF(DL42=0,0,DP42/DR42) -> #DIV/0! | DT42: =IF(DS42>0.01,1,0) -> #DIV/0! | DV42: =DG42*DM42*DS42 -> #DIV/0! | DW42: =IF($AP42>0.01,1,0) -> 0 | DY42: =DP42 -> 0 | DZ42: =DK42 -> 0 | EA42: =+AP42 -> 0 | EB42: =DZ42*EA42 -> 0 | ED42: =DY42/EB42 -> #DIV/0! | EE42: =IF($AP42>0.01,1,0) -> 0 | EG42: =DP42 -> 0 | EH42: =K42 -> 0 | EI42: =SUM(M42:Z42) -> 0 | EJ42: =I42 -> 0 | EK42: =(EH42-EI42)*EJ42 -> 0 | EL42: =EG42/EK42 -> #DIV/0! | EM42: =IF(EK42>0.01,1,0) -> 0 | EO42: =EG42 -> 0 | EP42: =EJ42 -> 0 | EQ42: =EO42/(EP42*K42) -> #DIV/0! | ER42: =IF($K42>0.01,1,0) -> 0 | EU42: =DK42 -> 0 | EV42: =CU42 -> 0 | EW42: =I42*CU42 -> 0 | EX42: =DR42 -> 0 | EZ42: =EW42-EX42 -> 0 | FA42: =+IF(EZ42/I42<0,0,(EZ42/I42)) -> #DIV/0!
I43: =IF(E43>0.0001,0,0) -> 0 | K43: =E43*60 -> 0 | AN43: =SUM(M43:AM43) -> 0 | AP43: =K43-AN43 -> 0 | CS43: =SUM(AU43:CR43) -> 0 | CU43: =AP43-CS43 -> 0 | CW43: =(SUM(M43:Z43))/K43 -> #DIV/0! | CX43: =(SUM(AA43:AM43))/K43 -> #DIV/0! | CY43: =(SUM(AU43:BQ43))/$K43 -> #DIV/0! | CZ43: =(SUM(BR43:CC43))/K43 -> #DIV/0! | DA43: =(SUM(CD43:CR43))/K43 -> #DIV/0! | DB43: =CU43/K43 -> #DIV/0! | DD43: =AP43 -> 0 | DE43: =CS43 -> 0 | DF43: =$DD43-DE43 -> 0 | DG43: =DF43/$DD43 -> #DIV/0! | DH43: =IF(AP43>0.01,1,0) -> 0 | DJ43: =H43 -> 0 | DK43: =I43 -> 0 | DL43: =DR43/DF43 -> #DIV/0! | DM43: =DL43/DK43 -> #DIV/0! | DN43: =IF(DM43>0.01,1,0) -> #DIV/0! | DR43: =DP43+DQ43 -> 0 | DS43: =IF(DL43=0,0,DP43/DR43) -> #DIV/0! | DT43: =IF(DS43>0.01,1,0) -> #DIV/0! | DV43: =DG43*DM43*DS43 -> #DIV/0! | DW43: =IF($AP43>0.01,1,0) -> 0 | DY43: =DP43 -> 0 | DZ43: =DK43 -> 0 | EA43: =+AP43 -> 0 | EB43: =DZ43*EA43 -> 0 | ED43: =DY43/EB43 -> #DIV/0! | EE43: =IF($AP43>0.01,1,0) -> 0 | EG43: =DP43 -> 0 | EH43: =K43 -> 0 | EI43: =SUM(M43:Z43) -> 0 | EJ43: =I43 -> 0 | EK43: =(EH43-EI43)*EJ43 -> 0 | EL43: =EG43/EK43 -> #DIV/0! | EM43: =IF(EK43>0.01,1,0) -> 0 | EO43: =EG43 -> 0 | EP43: =EJ43 -> 0 | EQ43: =EO43/(EP43*K43) -> #DIV/0! | ER43: =IF($K43>0.01,1,0) -> 0 | EU43: =DK43 -> 0 | EV43: =CU43 -> 0 | EW43: =I43*CU43 -> 0 | EX43: =DR43 -> 0 | EZ43: =EW43-EX43 -> 0 | FA43: =+IF(EZ43/I43<0,0,(EZ43/I43)) -> #DIV/0!
I44: =IF(E44>0.0001,0,0) -> 0 | K44: =E44*60 -> 0 | AN44: =SUM(M44:AM44) -> 0 | AP44: =K44-AN44 -> 0 | CS44: =SUM(AU44:CR44) -> 0 | CU44: =AP44-CS44 -> 0 | CW44: =(SUM(M44:Z44))/K44 -> #DIV/0! | CX44: =(SUM(AA44:AM44))/K44 -> #DIV/0! | CY44: =(SUM(AU44:BQ44))/$K44 -> #DIV/0! | CZ44: =(SUM(BR44:CC44))/K44 -> #DIV/0! | DA44: =(SUM(CD44:CR44))/K44 -> #DIV/0! | DB44: =CU44/K44 -> #DIV/0! | DD44: =AP44 -> 0 | DE44: =CS44 -> 0 | DF44: =$DD44-DE44 -> 0 | DG44: =DF44/$DD44 -> #DIV/0! | DH44: =IF(AP44>0.01,1,0) -> 0 | DJ44: =H44 -> 0 | DK44: =I44 -> 0 | DL44: =DR44/DF44 -> #DIV/0! | DM44: =DL44/DK44 -> #DIV/0! | DN44: =IF(DM44>0.01,1,0) -> #DIV/0! | DR44: =DP44+DQ44 -> 0 | DS44: =IF(DL44=0,0,DP44/DR44) -> #DIV/0! | DT44: =IF(DS44>0.01,1,0) -> #DIV/0! | DV44: =DG44*DM44*DS44 -> #DIV/0! | DW44: =IF($AP44>0.01,1,0) -> 0 | DY44: =DP44 -> 0 | DZ44: =DK44 -> 0 | EA44: =+AP44 -> 0 | EB44: =DZ44*EA44 -> 0 | ED44: =DY44/EB44 -> #DIV/0! | EE44: =IF($AP44>0.01,1,0) -> 0 | EG44: =DP44 -> 0 | EH44: =K44 -> 0 | EI44: =SUM(M44:Z44) -> 0 | EJ44: =I44 -> 0 | EK44: =(EH44-EI44)*EJ44 -> 0 | EL44: =EG44/EK44 -> #DIV/0! | EM44: =IF(EK44>0.01,1,0) -> 0 | EO44: =EG44 -> 0 | EP44: =EJ44 -> 0 | EQ44: =EO44/(EP44*K44) -> #DIV/0! | ER44: =IF($K44>0.01,1,0) -> 0 | EU44: =DK44 -> 0 | EV44: =CU44 -> 0 | EW44: =I44*CU44 -> 0 | EX44: =DR44 -> 0 | EZ44: =EW44-EX44 -> 0 | FA44: =+IF(EZ44/I44<0,0,(EZ44/I44)) -> #DIV/0!
I45: =IF(E45>0.0001,0,0) -> 0 | K45: =E45*60 -> 0 | AN45: =SUM(M45:AM45) -> 0 | AP45: =K45-AN45 -> 0 | CS45: =SUM(AU45:CR45) -> 0 | CU45: =AP45-CS45 -> 0 | CW45: =(SUM(M45:Z45))/K45 -> #DIV/0! | CX45: =(SUM(AA45:AM45))/K45 -> #DIV/0! | CY45: =(SUM(AU45:BQ45))/$K45 -> #DIV/0! | CZ45: =(SUM(BR45:CC45))/K45 -> #DIV/0! | DA45: =(SUM(CD45:CR45))/K45 -> #DIV/0! | DB45: =CU45/K45 -> #DIV/0! | DD45: =AP45 -> 0 | DE45: =CS45 -> 0 | DF45: =$DD45-DE45 -> 0 | DG45: =DF45/$DD45 -> #DIV/0! | DH45: =IF(AP45>0.01,1,0) -> 0 | DJ45: =H45 -> 0 | DK45: =I45 -> 0 | DL45: =DR45/DF45 -> #DIV/0! | DM45: =DL45/DK45 -> #DIV/0! | DN45: =IF(DM45>0.01,1,0) -> #DIV/0! | DR45: =DP45+DQ45 -> 0 | DS45: =IF(DL45=0,0,DP45/DR45) -> #DIV/0! | DT45: =IF(DS45>0.01,1,0) -> #DIV/0! | DV45: =DG45*DM45*DS45 -> #DIV/0! | DW45: =IF($AP45>0.01,1,0) -> 0 | DY45: =DP45 -> 0 | DZ45: =DK45 -> 0 | EA45: =+AP45 -> 0 | EB45: =DZ45*EA45 -> 0 | ED45: =DY45/EB45 -> #DIV/0! | EE45: =IF($AP45>0.01,1,0) -> 0 | EG45: =DP45 -> 0 | EH45: =K45 -> 0 | EI45: =SUM(M45:Z45) -> 0 | EJ45: =I45 -> 0 | EK45: =(EH45-EI45)*EJ45 -> 0 | EL45: =EG45/EK45 -> #DIV/0! | EM45: =IF(EK45>0.01,1,0) -> 0 | EO45: =EG45 -> 0 | EP45: =EJ45 -> 0 | EQ45: =EO45/(EP45*K45) -> #DIV/0! | ER45: =IF($K45>0.01,1,0) -> 0 | EU45: =DK45 -> 0 | EV45: =CU45 -> 0 | EW45: =I45*CU45 -> 0 | EX45: =DR45 -> 0 | EZ45: =EW45-EX45 -> 0 | FA45: =+IF(EZ45/I45<0,0,(EZ45/I45)) -> #DIV/0!
I46: =IF(E46>0.0001,0,0) -> 0 | K46: =E46*60 -> 0 | AN46: =SUM(M46:AM46) -> 0 | AP46: =K46-AN46 -> 0 | CS46: =SUM(AU46:CR46) -> 0 | CU46: =AP46-CS46 -> 0 | CW46: =(SUM(M46:Z46))/K46 -> #DIV/0! | CX46: =(SUM(AA46:AM46))/K46 -> #DIV/0! | CY46: =(SUM(AU46:BQ46))/$K46 -> #DIV/0! | CZ46: =(SUM(BR46:CC46))/K46 -> #DIV/0! | DA46: =(SUM(CD46:CR46))/K46 -> #DIV/0! | DB46: =CU46/K46 -> #DIV/0! | DD46: =AP46 -> 0 | DE46: =CS46 -> 0 | DF46: =$DD46-DE46 -> 0 | DG46: =DF46/$DD46 -> #DIV/0! | DH46: =IF(AP46>0.01,1,0) -> 0 | DJ46: =H46 -> 0 | DK46: =I46 -> 0 | DL46: =DR46/DF46 -> #DIV/0! | DM46: =DL46/DK46 -> #DIV/0! | DN46: =IF(DM46>0.01,1,0) -> #DIV/0! | DR46: =DP46+DQ46 -> 0 | DS46: =IF(DL46=0,0,DP46/DR46) -> #DIV/0! | DT46: =IF(DS46>0.01,1,0) -> #DIV/0! | DV46: =DG46*DM46*DS46 -> #DIV/0! | DW46: =IF($AP46>0.01,1,0) -> 0 | DY46: =DP46 -> 0 | DZ46: =DK46 -> 0 | EA46: =+AP46 -> 0 | EB46: =DZ46*EA46 -> 0 | ED46: =DY46/EB46 -> #DIV/0! | EE46: =IF($AP46>0.01,1,0) -> 0 | EG46: =DP46 -> 0 | EH46: =K46 -> 0 | EI46: =SUM(M46:Z46) -> 0 | EJ46: =I46 -> 0 | EK46: =(EH46-EI46)*EJ46 -> 0 | EL46: =EG46/EK46 -> #DIV/0! | EM46: =IF(EK46>0.01,1,0) -> 0 | EO46: =EG46 -> 0 | EP46: =EJ46 -> 0 | EQ46: =EO46/(EP46*K46) -> #DIV/0! | ER46: =IF($K46>0.01,1,0) -> 0 | EU46: =DK46 -> 0 | EV46: =CU46 -> 0 | EW46: =I46*CU46 -> 0 | EX46: =DR46 -> 0 | EZ46: =EW46-EX46 -> 0 | FA46: =+IF(EZ46/I46<0,0,(EZ46/I46)) -> #DIV/0!
I47: =IF(E47>0.0001,11,0) -> 0 | K47: =E47*60 -> 0 | AN47: =SUM(M47:AM47) -> 0 | AP47: =K47-AN47 -> 0 | CS47: =SUM(AU47:CR47) -> 0 | CU47: =AP47-CS47 -> 0 | CW47: =(SUM(M47:Z47))/K47 -> #DIV/0! | CX47: =(SUM(AA47:AM47))/K47 -> #DIV/0! | CY47: =(SUM(AU47:BQ47))/$K47 -> #DIV/0! | CZ47: =(SUM(BR47:CC47))/K47 -> #DIV/0! | DA47: =(SUM(CD47:CR47))/K47 -> #DIV/0! | DB47: =CU47/K47 -> #DIV/0! | DD47: =AP47 -> 0 | DE47: =CS47 -> 0 | DF47: =$DD47-DE47 -> 0 | DG47: =DF47/$DD47 -> #DIV/0! | DH47: =IF(AP47>0.01,1,0) -> 0 | DJ47: =H47 -> 0 | DK47: =I47 -> 0 | DL47: =DR47/DF47 -> #DIV/0! | DM47: =DL47/DK47 -> #DIV/0! | DN47: =IF(DM47>0.01,1,0) -> #DIV/0! | DR47: =DP47+DQ47 -> 0 | DS47: =IF(DL47=0,0,DP47/DR47) -> #DIV/0! | DT47: =IF(DS47>0.01,1,0) -> #DIV/0! | DV47: =DG47*DM47*DS47 -> #DIV/0! | DW47: =IF($AP47>0.01,1,0) -> 0 | DY47: =DP47 -> 0 | DZ47: =DK47 -> 0 | EA47: =+AP47 -> 0 | EB47: =DZ47*EA47 -> 0 | ED47: =DY47/EB47 -> #DIV/0! | EE47: =IF($AP47>0.01,1,0) -> 0 | EG47: =DP47 -> 0 | EH47: =K47 -> 0 | EI47: =SUM(M47:Z47) -> 0 | EJ47: =I47 -> 0 | EK47: =(EH47-EI47)*EJ47 -> 0 | EL47: =EG47/EK47 -> #DIV/0! | EM47: =IF(EK47>0.01,1,0) -> 0 | EO47: =EG47 -> 0 | EP47: =EJ47 -> 0 | EQ47: =EO47/(EP47*K47) -> #DIV/0! | ER47: =IF($K47>0.01,1,0) -> 0 | EU47: =DK47 -> 0 | EV47: =CU47 -> 0 | EW47: =I47*CU47 -> 0 | EX47: =DR47 -> 0 | EZ47: =EW47-EX47 -> 0 | FA47: =+IF(EZ47/I47<0,0,(EZ47/I47)) -> #DIV/0!
I48: =IF(E48>0.0001,0,0) -> 0 | K48: =E48*60 -> 0 | AN48: =SUM(M48:AM48) -> 0 | AP48: =K48-AN48 -> 0 | CS48: =SUM(AU48:CR48) -> 0 | CU48: =AP48-CS48 -> 0 | CW48: =(SUM(M48:Z48))/K48 -> #DIV/0! | CX48: =(SUM(AA48:AM48))/K48 -> #DIV/0! | CY48: =(SUM(AU48:BQ48))/$K48 -> #DIV/0! | CZ48: =(SUM(BR48:CC48))/K48 -> #DIV/0! | DA48: =(SUM(CD48:CR48))/K48 -> #DIV/0! | DB48: =CU48/K48 -> #DIV/0! | DD48: =AP48 -> 0 | DE48: =CS48 -> 0 | DF48: =$DD48-DE48 -> 0 | DG48: =DF48/$DD48 -> #DIV/0! | DH48: =IF(AP48>0.01,1,0) -> 0 | DJ48: =H48 -> 0 | DK48: =I48 -> 0 | DL48: =DR48/DF48 -> #DIV/0! | DM48: =DL48/DK48 -> #DIV/0! | DN48: =IF(DM48>0.01,1,0) -> #DIV/0! | DR48: =DP48+DQ48 -> 0 | DS48: =IF(DL48=0,0,DP48/DR48) -> #DIV/0! | DT48: =IF(DS48>0.01,1,0) -> #DIV/0! | DV48: =DG48*DM48*DS48 -> #DIV/0! | DW48: =IF($AP48>0.01,1,0) -> 0 | DY48: =DP48 -> 0 | DZ48: =DK48 -> 0 | EA48: =+AP48 -> 0 | EB48: =DZ48*EA48 -> 0 | ED48: =DY48/EB48 -> #DIV/0! | EE48: =IF($AP48>0.01,1,0) -> 0 | EG48: =DP48 -> 0 | EH48: =K48 -> 0 | EI48: =SUM(M48:Z48) -> 0 | EJ48: =I48 -> 0 | EK48: =(EH48-EI48)*EJ48 -> 0 | EL48: =EG48/EK48 -> #DIV/0! | EM48: =IF(EK48>0.01,1,0) -> 0 | EO48: =EG48 -> 0 | EP48: =EJ48 -> 0 | EQ48: =EO48/(EP48*K48) -> #DIV/0! | ER48: =IF($K48>0.01,1,0) -> 0 | EU48: =DK48 -> 0 | EV48: =CU48 -> 0 | EW48: =I48*CU48 -> 0 | EX48: =DR48 -> 0 | EZ48: =EW48-EX48 -> 0 | FA48: =+IF(EZ48/I48<0,0,(EZ48/I48)) -> #DIV/0!
I49: =IF(E49>0.0001,0,0) -> 0 | K49: =E49*60 -> 0 | AN49: =SUM(M49:AM49) -> 0 | AP49: =K49-AN49 -> 0 | CS49: =SUM(AU49:CR49) -> 0 | CU49: =AP49-CS49 -> 0 | CW49: =(SUM(M49:Z49))/K49 -> #DIV/0! | CX49: =(SUM(AA49:AM49))/K49 -> #DIV/0! | CY49: =(SUM(AU49:BQ49))/$K49 -> #DIV/0! | CZ49: =(SUM(BR49:CC49))/K49 -> #DIV/0! | DA49: =(SUM(CD49:CR49))/K49 -> #DIV/0! | DB49: =CU49/K49 -> #DIV/0! | DD49: =AP49 -> 0 | DE49: =CS49 -> 0 | DF49: =$DD49-DE49 -> 0 | DG49: =DF49/$DD49 -> #DIV/0! | DH49: =IF(AP49>0.01,1,0) -> 0 | DJ49: =H49 -> 0 | DK49: =I49 -> 0 | DL49: =DR49/DF49 -> #DIV/0! | DM49: =DL49/DK49 -> #DIV/0! | DN49: =IF(DM49>0.01,1,0) -> #DIV/0! | DR49: =DP49+DQ49 -> 0 | DS49: =IF(DL49=0,0,DP49/DR49) -> #DIV/0! | DT49: =IF(DS49>0.01,1,0) -> #DIV/0! | DV49: =DG49*DM49*DS49 -> #DIV/0! | DW49: =IF($AP49>0.01,1,0) -> 0 | DY49: =DP49 -> 0 | DZ49: =DK49 -> 0 | EA49: =+AP49 -> 0 | EB49: =DZ49*EA49 -> 0 | ED49: =DY49/EB49 -> #DIV/0! | EE49: =IF($AP49>0.01,1,0) -> 0 | EG49: =DP49 -> 0 | EH49: =K49 -> 0 | EI49: =SUM(M49:Z49) -> 0 | EJ49: =I49 -> 0 | EK49: =(EH49-EI49)*EJ49 -> 0 | EL49: =EG49/EK49 -> #DIV/0! | EM49: =IF(EK49>0.01,1,0) -> 0 | EO49: =EG49 -> 0 | EP49: =EJ49 -> 0 | EQ49: =EO49/(EP49*K49) -> #DIV/0! | ER49: =IF($K49>0.01,1,0) -> 0 | EU49: =DK49 -> 0 | EV49: =CU49 -> 0 | EW49: =I49*CU49 -> 0 | EX49: =DR49 -> 0 | EZ49: =EW49-EX49 -> 0 | FA49: =+IF(EZ49/I49<0,0,(EZ49/I49)) -> #DIV/0!
I50: =IF(E50>0.0001,0,0) -> 0 | K50: =E50*60 -> 0 | AN50: =SUM(M50:AM50) -> 0 | AP50: =K50-AN50 -> 0 | CS50: =SUM(AU50:CR50) -> 0 | CU50: =AP50-CS50 -> 0 | CW50: =(SUM(M50:Z50))/K50 -> #DIV/0! | CX50: =(SUM(AA50:AM50))/K50 -> #DIV/0! | CY50: =(SUM(AU50:BQ50))/$K50 -> #DIV/0! | CZ50: =(SUM(BR50:CC50))/K50 -> #DIV/0! | DA50: =(SUM(CD50:CR50))/K50 -> #DIV/0! | DB50: =CU50/K50 -> #DIV/0! | DD50: =AP50 -> 0 | DE50: =CS50 -> 0 | DF50: =$DD50-DE50 -> 0 | DG50: =DF50/$DD50 -> #DIV/0! | DH50: =IF(AP50>0.01,1,0) -> 0 | DJ50: =H50 -> 0 | DK50: =I50 -> 0 | DL50: =DR50/DF50 -> #DIV/0! | DM50: =DL50/DK50 -> #DIV/0! | DN50: =IF(DM50>0.01,1,0) -> #DIV/0! | DR50: =DP50+DQ50 -> 0 | DS50: =IF(DL50=0,0,DP50/DR50) -> #DIV/0! | DT50: =IF(DS50>0.01,1,0) -> #DIV/0! | DV50: =DG50*DM50*DS50 -> #DIV/0! | DW50: =IF($AP50>0.01,1,0) -> 0 | DY50: =DP50 -> 0 | DZ50: =DK50 -> 0 | EA50: =+AP50 -> 0 | EB50: =DZ50*EA50 -> 0 | ED50: =DY50/EB50 -> #DIV/0! | EE50: =IF($AP50>0.01,1,0) -> 0 | EG50: =DP50 -> 0 | EH50: =K50 -> 0 | EI50: =SUM(M50:Z50) -> 0 | EJ50: =I50 -> 0 | EK50: =(EH50-EI50)*EJ50 -> 0 | EL50: =EG50/EK50 -> #DIV/0! | EM50: =IF(EK50>0.01,1,0) -> 0 | EO50: =EG50 -> 0 | EP50: =EJ50 -> 0 | EQ50: =EO50/(EP50*K50) -> #DIV/0! | ER50: =IF($K50>0.01,1,0) -> 0 | EU50: =DK50 -> 0 | EV50: =CU50 -> 0 | EW50: =I50*CU50 -> 0 | EX50: =DR50 -> 0 | EZ50: =EW50-EX50 -> 0 | FA50: =+IF(EZ50/I50<0,0,(EZ50/I50)) -> #DIV/0!
I51: =IF(E51>0.0001,0,0) -> 0 | K51: =E51*60 -> 0 | AN51: =SUM(M51:AM51) -> 0 | AP51: =K51-AN51 -> 0 | CS51: =SUM(AU51:CR51) -> 0 | CU51: =AP51-CS51 -> 0 | CW51: =(SUM(M51:Z51))/K51 -> #DIV/0! | CX51: =(SUM(AA51:AM51))/K51 -> #DIV/0! | CY51: =(SUM(AU51:BQ51))/$K51 -> #DIV/0! | CZ51: =(SUM(BR51:CC51))/K51 -> #DIV/0! | DA51: =(SUM(CD51:CR51))/K51 -> #DIV/0! | DB51: =CU51/K51 -> #DIV/0! | DD51: =AP51 -> 0 | DE51: =CS51 -> 0 | DF51: =$DD51-DE51 -> 0 | DG51: =DF51/$DD51 -> #DIV/0! | DH51: =IF(AP51>0.01,1,0) -> 0 | DJ51: =H51 -> 0 | DK51: =I51 -> 0 | DL51: =DR51/DF51 -> #DIV/0! | DM51: =DL51/DK51 -> #DIV/0! | DN51: =IF(DM51>0.01,1,0) -> #DIV/0! | DR51: =DP51+DQ51 -> 0 | DS51: =IF(DL51=0,0,DP51/DR51) -> #DIV/0! | DT51: =IF(DS51>0.01,1,0) -> #DIV/0! | DV51: =DG51*DM51*DS51 -> #DIV/0! | DW51: =IF($AP51>0.01,1,0) -> 0 | DY51: =DP51 -> 0 | DZ51: =DK51 -> 0 | EA51: =+AP51 -> 0 | EB51: =DZ51*EA51 -> 0 | ED51: =DY51/EB51 -> #DIV/0! | EE51: =IF($AP51>0.01,1,0) -> 0 | EG51: =DP51 -> 0 | EH51: =K51 -> 0 | EI51: =SUM(M51:Z51) -> 0 | EJ51: =I51 -> 0 | EK51: =(EH51-EI51)*EJ51 -> 0 | EL51: =EG51/EK51 -> #DIV/0! | EM51: =IF(EK51>0.01,1,0) -> 0 | EO51: =EG51 -> 0 | EP51: =EJ51 -> 0 | EQ51: =EO51/(EP51*K51) -> #DIV/0! | ER51: =IF($K51>0.01,1,0) -> 0 | EU51: =DK51 -> 0 | EV51: =CU51 -> 0 | EW51: =I51*CU51 -> 0 | EX51: =DR51 -> 0 | EZ51: =EW51-EX51 -> 0 | FA51: =+IF(EZ51/I51<0,0,(EZ51/I51)) -> #DIV/0!
I52: =IF(E52>0.0001,0,0) -> 0 | K52: =E52*60 -> 0 | AN52: =SUM(M52:AM52) -> 0 | AP52: =K52-AN52 -> 0 | CS52: =SUM(AU52:CR52) -> 0 | CU52: =AP52-CS52 -> 0 | CW52: =(SUM(M52:Z52))/K52 -> #DIV/0! | CX52: =(SUM(AA52:AM52))/K52 -> #DIV/0! | CY52: =(SUM(AU52:BQ52))/$K52 -> #DIV/0! | CZ52: =(SUM(BR52:CC52))/K52 -> #DIV/0! | DA52: =(SUM(CD52:CR52))/K52 -> #DIV/0! | DB52: =CU52/K52 -> #DIV/0! | DD52: =AP52 -> 0 | DE52: =CS52 -> 0 | DF52: =$DD52-DE52 -> 0 | DG52: =DF52/$DD52 -> #DIV/0! | DH52: =IF(AP52>0.01,1,0) -> 0 | DJ52: =H52 -> 0 | DK52: =I52 -> 0 | DL52: =DR52/DF52 -> #DIV/0! | DM52: =DL52/DK52 -> #DIV/0! | DN52: =IF(DM52>0.01,1,0) -> #DIV/0! | DR52: =DP52+DQ52 -> 0 | DS52: =IF(DL52=0,0,DP52/DR52) -> #DIV/0! | DT52: =IF(DS52>0.01,1,0) -> #DIV/0! | DV52: =DG52*DM52*DS52 -> #DIV/0! | DW52: =IF($AP52>0.01,1,0) -> 0 | DY52: =DP52 -> 0 | DZ52: =DK52 -> 0 | EA52: =+AP52 -> 0 | EB52: =DZ52*EA52 -> 0 | ED52: =DY52/EB52 -> #DIV/0! | EE52: =IF($AP52>0.01,1,0) -> 0 | EG52: =DP52 -> 0 | EH52: =K52 -> 0 | EI52: =SUM(M52:Z52) -> 0 | EJ52: =I52 -> 0 | EK52: =(EH52-EI52)*EJ52 -> 0 | EL52: =EG52/EK52 -> #DIV/0! | EM52: =IF(EK52>0.01,1,0) -> 0 | EO52: =EG52 -> 0 | EP52: =EJ52 -> 0 | EQ52: =EO52/(EP52*K52) -> #DIV/0! | ER52: =IF($K52>0.01,1,0) -> 0 | EU52: =DK52 -> 0 | EV52: =CU52 -> 0 | EW52: =I52*CU52 -> 0 | EX52: =DR52 -> 0 | EZ52: =EW52-EX52 -> 0 | FA52: =+IF(EZ52/I52<0,0,(EZ52/I52)) -> #DIV/0!
I53: =IF(E53>0.0001,11,0) -> 0 | K53: =E53*60 -> 0 | AN53: =SUM(M53:AM53) -> 0 | AP53: =K53-AN53 -> 0 | CS53: =SUM(AU53:CR53) -> 0 | CU53: =AP53-CS53 -> 0 | CW53: =(SUM(M53:Z53))/K53 -> #DIV/0! | CX53: =(SUM(AA53:AM53))/K53 -> #DIV/0! | CY53: =(SUM(AU53:BQ53))/$K53 -> #DIV/0! | CZ53: =(SUM(BR53:CC53))/K53 -> #DIV/0! | DA53: =(SUM(CD53:CR53))/K53 -> #DIV/0! | DB53: =CU53/K53 -> #DIV/0! | DD53: =AP53 -> 0 | DE53: =CS53 -> 0 | DF53: =$DD53-DE53 -> 0 | DG53: =DF53/$DD53 -> #DIV/0! | DH53: =IF(AP53>0.01,1,0) -> 0 | DJ53: =H53 -> 0 | DK53: =I53 -> 0 | DL53: =DR53/DF53 -> #DIV/0! | DM53: =DL53/DK53 -> #DIV/0! | DN53: =IF(DM53>0.01,1,0) -> #DIV/0! | DR53: =DP53+DQ53 -> 0 | DS53: =IF(DL53=0,0,DP53/DR53) -> #DIV/0! | DT53: =IF(DS53>0.01,1,0) -> #DIV/0! | DV53: =DG53*DM53*DS53 -> #DIV/0! | DW53: =IF($AP53>0.01,1,0) -> 0 | DY53: =DP53 -> 0 | DZ53: =DK53 -> 0 | EA53: =+AP53 -> 0 | EB53: =DZ53*EA53 -> 0 | ED53: =DY53/EB53 -> #DIV/0! | EE53: =IF($AP53>0.01,1,0) -> 0 | EG53: =DP53 -> 0 | EH53: =K53 -> 0 | EI53: =SUM(M53:Z53) -> 0 | EJ53: =I53 -> 0 | EK53: =(EH53-EI53)*EJ53 -> 0 | EL53: =EG53/EK53 -> #DIV/0! | EM53: =IF(EK53>0.01,1,0) -> 0 | EO53: =EG53 -> 0 | EP53: =EJ53 -> 0 | EQ53: =EO53/(EP53*K53) -> #DIV/0! | ER53: =IF($K53>0.01,1,0) -> 0 | EU53: =DK53 -> 0 | EV53: =CU53 -> 0 | EW53: =I53*CU53 -> 0 | EX53: =DR53 -> 0 | EZ53: =EW53-EX53 -> 0 | FA53: =+IF(EZ53/I53<0,0,(EZ53/I53)) -> #DIV/0!
I54: =IF(E54>0.0001,11,0) -> 0 | K54: =E54*60 -> 0 | AN54: =SUM(M54:AM54) -> 0 | AP54: =K54-AN54 -> 0 | CS54: =SUM(AU54:CR54) -> 0 | CU54: =AP54-CS54 -> 0 | CW54: =(SUM(M54:Z54))/K54 -> #DIV/0! | CX54: =(SUM(AA54:AM54))/K54 -> #DIV/0! | CY54: =(SUM(AU54:BQ54))/$K54 -> #DIV/0! | CZ54: =(SUM(BR54:CC54))/K54 -> #DIV/0! | DA54: =(SUM(CD54:CR54))/K54 -> #DIV/0! | DB54: =CU54/K54 -> #DIV/0! | DD54: =AP54 -> 0 | DE54: =CS54 -> 0 | DF54: =$DD54-DE54 -> 0 | DG54: =DF54/$DD54 -> #DIV/0! | DH54: =IF(AP54>0.01,1,0) -> 0 | DJ54: =H54 -> 0 | DK54: =I54 -> 0 | DL54: =DR54/DF54 -> #DIV/0! | DM54: =DL54/DK54 -> #DIV/0! | DN54: =IF(DM54>0.01,1,0) -> #DIV/0! | DR54: =DP54+DQ54 -> 0 | DS54: =IF(DL54=0,0,DP54/DR54) -> #DIV/0! | DT54: =IF(DS54>0.01,1,0) -> #DIV/0! | DV54: =DG54*DM54*DS54 -> #DIV/0! | DW54: =IF($AP54>0.01,1,0) -> 0 | DY54: =DP54 -> 0 | DZ54: =DK54 -> 0 | EA54: =+AP54 -> 0 | EB54: =DZ54*EA54 -> 0 | ED54: =DY54/EB54 -> #DIV/0! | EE54: =IF($AP54>0.01,1,0) -> 0 | EG54: =DP54 -> 0 | EH54: =K54 -> 0 | EI54: =SUM(M54:Z54) -> 0 | EJ54: =I54 -> 0 | EK54: =(EH54-EI54)*EJ54 -> 0 | EL54: =EG54/EK54 -> #DIV/0! | EM54: =IF(EK54>0.01,1,0) -> 0 | EO54: =EG54 -> 0 | EP54: =EJ54 -> 0 | EQ54: =EO54/(EP54*K54) -> #DIV/0! | ER54: =IF($K54>0.01,1,0) -> 0 | EU54: =DK54 -> 0 | EV54: =CU54 -> 0 | EW54: =I54*CU54 -> 0 | EX54: =DR54 -> 0 | EZ54: =EW54-EX54 -> 0 | FA54: =+IF(EZ54/I54<0,0,(EZ54/I54)) -> #DIV/0!
I55: =IF(E55>0.0001,0,0) -> 0 | K55: =E55*60 -> 0 | AN55: =SUM(M55:AM55) -> 0 | AP55: =K55-AN55 -> 0 | CS55: =SUM(AU55:CR55) -> 0 | CU55: =AP55-CS55 -> 0 | CW55: =(SUM(M55:Z55))/K55 -> #DIV/0! | CX55: =(SUM(AA55:AM55))/K55 -> #DIV/0! | CY55: =(SUM(AU55:BQ55))/$K55 -> #DIV/0! | CZ55: =(SUM(BR55:CC55))/K55 -> #DIV/0! | DA55: =(SUM(CD55:CR55))/K55 -> #DIV/0! | DB55: =CU55/K55 -> #DIV/0! | DD55: =AP55 -> 0 | DE55: =CS55 -> 0 | DF55: =$DD55-DE55 -> 0 | DG55: =DF55/$DD55 -> #DIV/0! | DH55: =IF(AP55>0.01,1,0) -> 0 | DJ55: =H55 -> 0 | DK55: =I55 -> 0 | DL55: =DR55/DF55 -> #DIV/0! | DM55: =DL55/DK55 -> #DIV/0! | DN55: =IF(DM55>0.01,1,0) -> #DIV/0! | DR55: =DP55+DQ55 -> 0 | DS55: =IF(DL55=0,0,DP55/DR55) -> #DIV/0! | DT55: =IF(DS55>0.01,1,0) -> #DIV/0! | DV55: =DG55*DM55*DS55 -> #DIV/0! | DW55: =IF($AP55>0.01,1,0) -> 0 | DY55: =DP55 -> 0 | DZ55: =DK55 -> 0 | EA55: =+AP55 -> 0 | EB55: =DZ55*EA55 -> 0 | ED55: =DY55/EB55 -> #DIV/0! | EE55: =IF($AP55>0.01,1,0) -> 0 | EG55: =DP55 -> 0 | EH55: =K55 -> 0 | EI55: =SUM(M55:Z55) -> 0 | EJ55: =I55 -> 0 | EK55: =(EH55-EI55)*EJ55 -> 0 | EL55: =EG55/EK55 -> #DIV/0! | EM55: =IF(EK55>0.01,1,0) -> 0 | EO55: =EG55 -> 0 | EP55: =EJ55 -> 0 | EQ55: =EO55/(EP55*K55) -> #DIV/0! | ER55: =IF($K55>0.01,1,0) -> 0 | EU55: =DK55 -> 0 | EV55: =CU55 -> 0 | EW55: =I55*CU55 -> 0 | EX55: =DR55 -> 0 | EZ55: =EW55-EX55 -> 0 | FA55: =+IF(EZ55/I55<0,0,(EZ55/I55)) -> #DIV/0!
I56: =IF(E56>0.0001,11,0) -> 0 | K56: =E56*60 -> 0 | AN56: =SUM(M56:AM56) -> 0 | AP56: =K56-AN56 -> 0 | CS56: =SUM(AU56:CR56) -> 0 | CU56: =AP56-CS56 -> 0 | CW56: =(SUM(M56:Z56))/K56 -> #DIV/0! | CX56: =(SUM(AA56:AM56))/K56 -> #DIV/0! | CY56: =(SUM(AU56:BQ56))/$K56 -> #DIV/0! | CZ56: =(SUM(BR56:CC56))/K56 -> #DIV/0! | DA56: =(SUM(CD56:CR56))/K56 -> #DIV/0! | DB56: =CU56/K56 -> #DIV/0! | DD56: =AP56 -> 0 | DE56: =CS56 -> 0 | DF56: =$DD56-DE56 -> 0 | DG56: =DF56/$DD56 -> #DIV/0! | DH56: =IF(AP56>0.01,1,0) -> 0 | DJ56: =H56 -> 0 | DK56: =I56 -> 0 | DL56: =DR56/DF56 -> #DIV/0! | DM56: =DL56/DK56 -> #DIV/0! | DN56: =IF(DM56>0.01,1,0) -> #DIV/0! | DR56: =DP56+DQ56 -> 0 | DS56: =IF(DL56=0,0,DP56/DR56) -> #DIV/0! | DT56: =IF(DS56>0.01,1,0) -> #DIV/0! | DV56: =DG56*DM56*DS56 -> #DIV/0! | DW56: =IF($AP56>0.01,1,0) -> 0 | DY56: =DP56 -> 0 | DZ56: =DK56 -> 0 | EA56: =+AP56 -> 0 | EB56: =DZ56*EA56 -> 0 | ED56: =DY56/EB56 -> #DIV/0! | EE56: =IF($AP56>0.01,1,0) -> 0 | EG56: =DP56 -> 0 | EH56: =K56 -> 0 | EI56: =SUM(M56:Z56) -> 0 | EJ56: =I56 -> 0 | EK56: =(EH56-EI56)*EJ56 -> 0 | EL56: =EG56/EK56 -> #DIV/0! | EM56: =IF(EK56>0.01,1,0) -> 0 | EO56: =EG56 -> 0 | EP56: =EJ56 -> 0 | EQ56: =EO56/(EP56*K56) -> #DIV/0! | ER56: =IF($K56>0.01,1,0) -> 0 | EU56: =DK56 -> 0 | EV56: =CU56 -> 0 | EW56: =I56*CU56 -> 0 | EX56: =DR56 -> 0 | EZ56: =EW56-EX56 -> 0 | FA56: =+IF(EZ56/I56<0,0,(EZ56/I56)) -> #DIV/0!
I57: =IF(E57>0.0001,11,0) -> 0 | K57: =E57*60 -> 0 | AN57: =SUM(M57:AM57) -> 0 | AP57: =K57-AN57 -> 0 | CS57: =SUM(AU57:CR57) -> 0 | CU57: =AP57-CS57 -> 0 | CW57: =(SUM(M57:Z57))/K57 -> #DIV/0! | CX57: =(SUM(AA57:AM57))/K57 -> #DIV/0! | CY57: =(SUM(AU57:BQ57))/$K57 -> #DIV/0! | CZ57: =(SUM(BR57:CC57))/K57 -> #DIV/0! | DA57: =(SUM(CD57:CR57))/K57 -> #DIV/0! | DB57: =CU57/K57 -> #DIV/0! | DD57: =AP57 -> 0 | DE57: =CS57 -> 0 | DF57: =$DD57-DE57 -> 0 | DG57: =DF57/$DD57 -> #DIV/0! | DH57: =IF(AP57>0.01,1,0) -> 0 | DJ57: =H57 -> 0 | DK57: =I57 -> 0 | DL57: =DR57/DF57 -> #DIV/0! | DM57: =DL57/DK57 -> #DIV/0! | DN57: =IF(DM57>0.01,1,0) -> #DIV/0! | DR57: =DP57+DQ57 -> 0 | DS57: =IF(DL57=0,0,DP57/DR57) -> #DIV/0! | DT57: =IF(DS57>0.01,1,0) -> #DIV/0! | DV57: =DG57*DM57*DS57 -> #DIV/0! | DW57: =IF($AP57>0.01,1,0) -> 0 | DY57: =DP57 -> 0 | DZ57: =DK57 -> 0 | EA57: =+AP57 -> 0 | EB57: =DZ57*EA57 -> 0 | ED57: =DY57/EB57 -> #DIV/0! | EE57: =IF($AP57>0.01,1,0) -> 0 | EG57: =DP57 -> 0 | EH57: =K57 -> 0 | EI57: =SUM(M57:Z57) -> 0 | EJ57: =I57 -> 0 | EK57: =(EH57-EI57)*EJ57 -> 0 | EL57: =EG57/EK57 -> #DIV/0! | EM57: =IF(EK57>0.01,1,0) -> 0 | EO57: =EG57 -> 0 | EP57: =EJ57 -> 0 | EQ57: =EO57/(EP57*K57) -> #DIV/0! | ER57: =IF($K57>0.01,1,0) -> 0 | EU57: =DK57 -> 0 | EV57: =CU57 -> 0 | EW57: =I57*CU57 -> 0 | EX57: =DR57 -> 0 | EZ57: =EW57-EX57 -> 0 | FA57: =+IF(EZ57/I57<0,0,(EZ57/I57)) -> #DIV/0!
I58: =IF(E58>0.0001,0,0) -> 0 | K58: =E58*60 -> 0 | AN58: =SUM(M58:AM58) -> 0 | AP58: =K58-AN58 -> 0 | CS58: =SUM(AU58:CR58) -> 0 | CU58: =AP58-CS58 -> 0 | CW58: =(SUM(M58:Z58))/K58 -> #DIV/0! | CX58: =(SUM(AA58:AM58))/K58 -> #DIV/0! | CY58: =(SUM(AU58:BQ58))/$K58 -> #DIV/0! | CZ58: =(SUM(BR58:CC58))/K58 -> #DIV/0! | DA58: =(SUM(CD58:CR58))/K58 -> #DIV/0! | DB58: =CU58/K58 -> #DIV/0! | DD58: =AP58 -> 0 | DE58: =CS58 -> 0 | DF58: =$DD58-DE58 -> 0 | DG58: =DF58/$DD58 -> #DIV/0! | DH58: =IF(AP58>0.01,1,0) -> 0 | DJ58: =H58 -> 0 | DK58: =I58 -> 0 | DL58: =DR58/DF58 -> #DIV/0! | DM58: =DL58/DK58 -> #DIV/0! | DN58: =IF(DM58>0.01,1,0) -> #DIV/0! | DR58: =DP58+DQ58 -> 0 | DS58: =IF(DL58=0,0,DP58/DR58) -> #DIV/0! | DT58: =IF(DS58>0.01,1,0) -> #DIV/0! | DV58: =DG58*DM58*DS58 -> #DIV/0! | DW58: =IF($AP58>0.01,1,0) -> 0 | DY58: =DP58 -> 0 | DZ58: =DK58 -> 0 | EA58: =+AP58 -> 0 | EB58: =DZ58*EA58 -> 0 | ED58: =DY58/EB58 -> #DIV/0! | EE58: =IF($AP58>0.01,1,0) -> 0 | EG58: =DP58 -> 0 | EH58: =K58 -> 0 | EI58: =SUM(M58:Z58) -> 0 | EJ58: =I58 -> 0 | EK58: =(EH58-EI58)*EJ58 -> 0 | EL58: =EG58/EK58 -> #DIV/0! | EM58: =IF(EK58>0.01,1,0) -> 0 | EO58: =EG58 -> 0 | EP58: =EJ58 -> 0 | EQ58: =EO58/(EP58*K58) -> #DIV/0! | ER58: =IF($K58>0.01,1,0) -> 0 | EU58: =DK58 -> 0 | EV58: =CU58 -> 0 | EW58: =I58*CU58 -> 0 | EX58: =DR58 -> 0 | EZ58: =EW58-EX58 -> 0 | FA58: =+IF(EZ58/I58<0,0,(EZ58/I58)) -> #DIV/0!
I59: =IF(E59>0.0001,0,0) -> 0 | K59: =E59*60 -> 0 | AN59: =SUM(M59:AM59) -> 0 | AP59: =K59-AN59 -> 0 | CS59: =SUM(AU59:CR59) -> 0 | CU59: =AP59-CS59 -> 0 | CW59: =(SUM(M59:Z59))/K59 -> #DIV/0! | CX59: =(SUM(AA59:AM59))/K59 -> #DIV/0! | CY59: =(SUM(AU59:BQ59))/$K59 -> #DIV/0! | CZ59: =(SUM(BR59:CC59))/K59 -> #DIV/0! | DA59: =(SUM(CD59:CR59))/K59 -> #DIV/0! | DB59: =CU59/K59 -> #DIV/0! | DD59: =AP59 -> 0 | DE59: =CS59 -> 0 | DF59: =$DD59-DE59 -> 0 | DG59: =DF59/$DD59 -> #DIV/0! | DH59: =IF(AP59>0.01,1,0) -> 0 | DJ59: =H59 -> 0 | DK59: =I59 -> 0 | DL59: =DR59/DF59 -> #DIV/0! | DM59: =DL59/DK59 -> #DIV/0! | DN59: =IF(DM59>0.01,1,0) -> #DIV/0! | DR59: =DP59+DQ59 -> 0 | DS59: =IF(DL59=0,0,DP59/DR59) -> #DIV/0! | DT59: =IF(DS59>0.01,1,0) -> #DIV/0! | DV59: =DG59*DM59*DS59 -> #DIV/0! | DW59: =IF($AP59>0.01,1,0) -> 0 | DY59: =DP59 -> 0 | DZ59: =DK59 -> 0 | EA59: =+AP59 -> 0 | EB59: =DZ59*EA59 -> 0 | ED59: =DY59/EB59 -> #DIV/0! | EE59: =IF($AP59>0.01,1,0) -> 0 | EG59: =DP59 -> 0 | EH59: =K59 -> 0 | EI59: =SUM(M59:Z59) -> 0 | EJ59: =I59 -> 0 | EK59: =(EH59-EI59)*EJ59 -> 0 | EL59: =EG59/EK59 -> #DIV/0! | EM59: =IF(EK59>0.01,1,0) -> 0 | EO59: =EG59 -> 0 | EP59: =EJ59 -> 0 | EQ59: =EO59/(EP59*K59) -> #DIV/0! | ER59: =IF($K59>0.01,1,0) -> 0 | EU59: =DK59 -> 0 | EV59: =CU59 -> 0 | EW59: =I59*CU59 -> 0 | EX59: =DR59 -> 0 | EZ59: =EW59-EX59 -> 0 | FA59: =+IF(EZ59/I59<0,0,(EZ59/I59)) -> #DIV/0!
I60: =IF(E60>0.0001,0,0) -> 0 | K60: =E60*60 -> 0 | AN60: =SUM(M60:AM60) -> 0 | AP60: =K60-AN60 -> 0 | CS60: =SUM(AU60:CR60) -> 0 | CU60: =AP60-CS60 -> 0 | CW60: =(SUM(M60:Z60))/K60 -> #DIV/0! | CX60: =(SUM(AA60:AM60))/K60 -> #DIV/0! | CY60: =(SUM(AU60:BQ60))/$K60 -> #DIV/0! | CZ60: =(SUM(BR60:CC60))/K60 -> #DIV/0! | DA60: =(SUM(CD60:CR60))/K60 -> #DIV/0! | DB60: =CU60/K60 -> #DIV/0! | DD60: =AP60 -> 0 | DE60: =CS60 -> 0 | DF60: =$DD60-DE60 -> 0 | DG60: =DF60/$DD60 -> #DIV/0! | DH60: =IF(AP60>0.01,1,0) -> 0 | DJ60: =H60 -> 0 | DK60: =I60 -> 0 | DL60: =DR60/DF60 -> #DIV/0! | DM60: =DL60/DK60 -> #DIV/0! | DN60: =IF(DM60>0.01,1,0) -> #DIV/0! | DR60: =DP60+DQ60 -> 0 | DS60: =IF(DL60=0,0,DP60/DR60) -> #DIV/0! | DT60: =IF(DS60>0.01,1,0) -> #DIV/0! | DV60: =DG60*DM60*DS60 -> #DIV/0! | DW60: =IF($AP60>0.01,1,0) -> 0 | DY60: =DP60 -> 0 | DZ60: =DK60 -> 0 | EA60: =+AP60 -> 0 | EB60: =DZ60*EA60 -> 0 | ED60: =DY60/EB60 -> #DIV/0! | EE60: =IF($AP60>0.01,1,0) -> 0 | EG60: =DP60 -> 0 | EH60: =K60 -> 0 | EI60: =SUM(M60:Z60) -> 0 | EJ60: =I60 -> 0 | EK60: =(EH60-EI60)*EJ60 -> 0 | EL60: =EG60/EK60 -> #DIV/0! | EM60: =IF(EK60>0.01,1,0) -> 0 | EO60: =EG60 -> 0 | EP60: =EJ60 -> 0 | EQ60: =EO60/(EP60*K60) -> #DIV/0! | ER60: =IF($K60>0.01,1,0) -> 0 | EU60: =DK60 -> 0 | EV60: =CU60 -> 0 | EW60: =I60*CU60 -> 0 | EX60: =DR60 -> 0 | EZ60: =EW60-EX60 -> 0 | FA60: =+IF(EZ60/I60<0,0,(EZ60/I60)) -> #DIV/0!
I61: =IF(E61>0.0001,0,0) -> 0 | K61: =E61*60 -> 0 | AN61: =SUM(M61:AM61) -> 0 | AP61: =K61-AN61 -> 0 | CS61: =SUM(AU61:CR61) -> 0 | CU61: =AP61-CS61 -> 0 | CW61: =(SUM(M61:Z61))/K61 -> #DIV/0! | CX61: =(SUM(AA61:AM61))/K61 -> #DIV/0! | CY61: =(SUM(AU61:BQ61))/$K61 -> #DIV/0! | CZ61: =(SUM(BR61:CC61))/K61 -> #DIV/0! | DA61: =(SUM(CD61:CR61))/K61 -> #DIV/0! | DB61: =CU61/K61 -> #DIV/0! | DD61: =AP61 -> 0 | DE61: =CS61 -> 0 | DF61: =$DD61-DE61 -> 0 | DG61: =DF61/$DD61 -> #DIV/0! | DH61: =IF(AP61>0.01,1,0) -> 0 | DJ61: =H61 -> 0 | DK61: =I61 -> 0 | DL61: =DR61/DF61 -> #DIV/0! | DM61: =DL61/DK61 -> #DIV/0! | DN61: =IF(DM61>0.01,1,0) -> #DIV/0! | DR61: =DP61+DQ61 -> 0 | DS61: =IF(DL61=0,0,DP61/DR61) -> #DIV/0! | DT61: =IF(DS61>0.01,1,0) -> #DIV/0! | DV61: =DG61*DM61*DS61 -> #DIV/0! | DW61: =IF($AP61>0.01,1,0) -> 0 | DY61: =DP61 -> 0 | DZ61: =DK61 -> 0 | EA61: =+AP61 -> 0 | EB61: =DZ61*EA61 -> 0 | ED61: =DY61/EB61 -> #DIV/0! | EE61: =IF($AP61>0.01,1,0) -> 0 | EG61: =DP61 -> 0 | EH61: =K61 -> 0 | EI61: =SUM(M61:Z61) -> 0 | EJ61: =I61 -> 0 | EK61: =(EH61-EI61)*EJ61 -> 0 | EL61: =EG61/EK61 -> #DIV/0! | EM61: =IF(EK61>0.01,1,0) -> 0 | EO61: =EG61 -> 0 | EP61: =EJ61 -> 0 | EQ61: =EO61/(EP61*K61) -> #DIV/0! | ER61: =IF($K61>0.01,1,0) -> 0 | EU61: =DK61 -> 0 | EV61: =CU61 -> 0 | EW61: =I61*CU61 -> 0 | EX61: =DR61 -> 0 | EZ61: =EW61-EX61 -> 0 | FA61: =+IF(EZ61/I61<0,0,(EZ61/I61)) -> #DIV/0!
I62: =IF(E62>0.0001,0,0) -> 0 | K62: =E62*60 -> 0 | AN62: =SUM(M62:AM62) -> 0 | AP62: =K62-AN62 -> 0 | CS62: =SUM(AU62:CR62) -> 0 | CU62: =AP62-CS62 -> 0 | CW62: =(SUM(M62:Z62))/K62 -> #DIV/0! | CX62: =(SUM(AA62:AM62))/K62 -> #DIV/0! | CY62: =(SUM(AU62:BQ62))/$K62 -> #DIV/0! | CZ62: =(SUM(BR62:CC62))/K62 -> #DIV/0! | DA62: =(SUM(CD62:CR62))/K62 -> #DIV/0! | DB62: =CU62/K62 -> #DIV/0! | DD62: =AP62 -> 0 | DE62: =CS62 -> 0 | DF62: =$DD62-DE62 -> 0 | DG62: =DF62/$DD62 -> #DIV/0! | DH62: =IF(AP62>0.01,1,0) -> 0 | DJ62: =H62 -> 0 | DK62: =I62 -> 0 | DL62: =DR62/DF62 -> #DIV/0! | DM62: =DL62/DK62 -> #DIV/0! | DN62: =IF(DM62>0.01,1,0) -> #DIV/0! | DR62: =DP62+DQ62 -> 0 | DS62: =IF(DL62=0,0,DP62/DR62) -> #DIV/0! | DT62: =IF(DS62>0.01,1,0) -> #DIV/0! | DV62: =DG62*DM62*DS62 -> #DIV/0! | DW62: =IF($AP62>0.01,1,0) -> 0 | DY62: =DP62 -> 0 | DZ62: =DK62 -> 0 | EA62: =+AP62 -> 0 | EB62: =DZ62*EA62 -> 0 | ED62: =DY62/EB62 -> #DIV/0! | EE62: =IF($AP62>0.01,1,0) -> 0 | EG62: =DP62 -> 0 | EH62: =K62 -> 0 | EI62: =SUM(M62:Z62) -> 0 | EJ62: =I62 -> 0 | EK62: =(EH62-EI62)*EJ62 -> 0 | EL62: =EG62/EK62 -> #DIV/0! | EM62: =IF(EK62>0.01,1,0) -> 0 | EO62: =EG62 -> 0 | EP62: =EJ62 -> 0 | EQ62: =EO62/(EP62*K62) -> #DIV/0! | ER62: =IF($K62>0.01,1,0) -> 0 | EU62: =DK62 -> 0 | EV62: =CU62 -> 0 | EW62: =I62*CU62 -> 0 | EX62: =DR62 -> 0 | EZ62: =EW62-EX62 -> 0 | FA62: =+IF(EZ62/I62<0,0,(EZ62/I62)) -> #DIV/0!
I63: =IF(E63>0.0001,0,0) -> 0 | K63: =E63*60 -> 0 | AN63: =SUM(M63:AM63) -> 0 | AP63: =K63-AN63 -> 0 | CS63: =SUM(AU63:CR63) -> 0 | CU63: =AP63-CS63 -> 0 | CW63: =(SUM(M63:Z63))/K63 -> #DIV/0! | CX63: =(SUM(AA63:AM63))/K63 -> #DIV/0! | CY63: =(SUM(AU63:BQ63))/$K63 -> #DIV/0! | CZ63: =(SUM(BR63:CC63))/K63 -> #DIV/0! | DA63: =(SUM(CD63:CR63))/K63 -> #DIV/0! | DB63: =CU63/K63 -> #DIV/0! | DD63: =AP63 -> 0 | DE63: =CS63 -> 0 | DF63: =$DD63-DE63 -> 0 | DG63: =DF63/$DD63 -> #DIV/0! | DH63: =IF(AP63>0.01,1,0) -> 0 | DJ63: =H63 -> 0 | DK63: =I63 -> 0 | DL63: =DR63/DF63 -> #DIV/0! | DM63: =DL63/DK63 -> #DIV/0! | DN63: =IF(DM63>0.01,1,0) -> #DIV/0! | DR63: =DP63+DQ63 -> 0 | DS63: =IF(DL63=0,0,DP63/DR63) -> #DIV/0! | DT63: =IF(DS63>0.01,1,0) -> #DIV/0! | DV63: =DG63*DM63*DS63 -> #DIV/0! | DW63: =IF($AP63>0.01,1,0) -> 0 | DY63: =DP63 -> 0 | DZ63: =DK63 -> 0 | EA63: =+AP63 -> 0 | EB63: =DZ63*EA63 -> 0 | ED63: =DY63/EB63 -> #DIV/0! | EE63: =IF($AP63>0.01,1,0) -> 0 | EG63: =DP63 -> 0 | EH63: =K63 -> 0 | EI63: =SUM(M63:Z63) -> 0 | EJ63: =I63 -> 0 | EK63: =(EH63-EI63)*EJ63 -> 0 | EL63: =EG63/EK63 -> #DIV/0! | EM63: =IF(EK63>0.01,1,0) -> 0 | EO63: =EG63 -> 0 | EP63: =EJ63 -> 0 | EQ63: =EO63/(EP63*K63) -> #DIV/0! | ER63: =IF($K63>0.01,1,0) -> 0 | EU63: =DK63 -> 0 | EV63: =CU63 -> 0 | EW63: =I63*CU63 -> 0 | EX63: =DR63 -> 0 | EZ63: =EW63-EX63 -> 0 | FA63: =+IF(EZ63/I63<0,0,(EZ63/I63)) -> #DIV/0!
I64: =IF(E64>0.0001,0,0) -> 0 | K64: =E64*60 -> 0 | AN64: =SUM(M64:AM64) -> 0 | AP64: =K64-AN64 -> 0 | CS64: =SUM(AU64:CR64) -> 0 | CU64: =AP64-CS64 -> 0 | CW64: =(SUM(M64:Z64))/K64 -> #DIV/0! | CX64: =(SUM(AA64:AM64))/K64 -> #DIV/0! | CY64: =(SUM(AU64:BQ64))/$K64 -> #DIV/0! | CZ64: =(SUM(BR64:CC64))/K64 -> #DIV/0! | DA64: =(SUM(CD64:CR64))/K64 -> #DIV/0! | DB64: =CU64/K64 -> #DIV/0! | DD64: =AP64 -> 0 | DE64: =CS64 -> 0 | DF64: =$DD64-DE64 -> 0 | DG64: =DF64/$DD64 -> #DIV/0! | DH64: =IF(AP64>0.01,1,0) -> 0 | DJ64: =H64 -> 0 | DK64: =I64 -> 0 | DL64: =DR64/DF64 -> #DIV/0! | DM64: =DL64/DK64 -> #DIV/0! | DN64: =IF(DM64>0.01,1,0) -> #DIV/0! | DR64: =DP64+DQ64 -> 0 | DS64: =IF(DL64=0,0,DP64/DR64) -> #DIV/0! | DT64: =IF(DS64>0.01,1,0) -> #DIV/0! | DV64: =DG64*DM64*DS64 -> #DIV/0! | DW64: =IF($AP64>0.01,1,0) -> 0 | DY64: =DP64 -> 0 | DZ64: =DK64 -> 0 | EA64: =+AP64 -> 0 | EB64: =DZ64*EA64 -> 0 | ED64: =DY64/EB64 -> #DIV/0! | EE64: =IF($AP64>0.01,1,0) -> 0 | EG64: =DP64 -> 0 | EH64: =K64 -> 0 | EI64: =SUM(M64:Z64) -> 0 | EJ64: =I64 -> 0 | EK64: =(EH64-EI64)*EJ64 -> 0 | EL64: =EG64/EK64 -> #DIV/0! | EM64: =IF(EK64>0.01,1,0) -> 0 | EO64: =EG64 -> 0 | EP64: =EJ64 -> 0 | EQ64: =EO64/(EP64*K64) -> #DIV/0! | ER64: =IF($K64>0.01,1,0) -> 0 | EU64: =DK64 -> 0 | EV64: =CU64 -> 0 | EW64: =I64*CU64 -> 0 | EX64: =DR64 -> 0 | EZ64: =EW64-EX64 -> 0 | FA64: =+IF(EZ64/I64<0,0,(EZ64/I64)) -> #DIV/0!
I65: =IF(E65>0.0001,5.2,0) -> 0 | K65: =E65*60 -> 0 | R65: 480 | AN65: =SUM(M65:AM65) -> 480 | AP65: =K65-AN65 -> -480 | CS65: =SUM(AU65:CR65) -> 0 | CU65: =AP65-CS65 -> -480 | CW65: =(SUM(M65:Z65))/K65 -> #DIV/0! | CX65: =(SUM(AA65:AM65))/K65 -> #DIV/0! | CY65: =(SUM(AU65:BQ65))/$K65 -> #DIV/0! | CZ65: =(SUM(BR65:CC65))/K65 -> #DIV/0! | DA65: =(SUM(CD65:CR65))/K65 -> #DIV/0! | DB65: =CU65/K65 -> #DIV/0! | DD65: =AP65 -> -480 | DE65: =CS65 -> 0 | DF65: =$DD65-DE65 -> -480 | DG65: =DF65/$DD65 -> 1 | DH65: =IF(AP65>0.01,1,0) -> 0 | DJ65: =H65 -> 0 | DK65: =I65 -> 0 | DL65: =DR65/DF65 -> 0 | DM65: =DL65/DK65 -> #DIV/0! | DN65: =IF(DM65>0.01,1,0) -> #DIV/0! | DR65: =DP65+DQ65 -> 0 | DS65: =IF(DL65=0,0,DP65/DR65) -> 0 | DT65: =IF(DS65>0.01,1,0) -> 0 | DV65: =DG65*DM65*DS65 -> #DIV/0! | DW65: =IF($AP65>0.01,1,0) -> 0 | DY65: =DP65 -> 0 | DZ65: =DK65 -> 0 | EA65: =+AP65 -> -480 | EB65: =DZ65*EA65 -> 0 | ED65: =DY65/EB65 -> #DIV/0! | EE65: =IF($AP65>0.01,1,0) -> 0 | EG65: =DP65 -> 0 | EH65: =K65 -> 0 | EI65: =SUM(M65:Z65) -> 480 | EJ65: =I65 -> 0 | EK65: =(EH65-EI65)*EJ65 -> 0 | EL65: =EG65/EK65 -> #DIV/0! | EM65: =IF(EK65>0.01,1,0) -> 0 | EO65: =EG65 -> 0 | EP65: =EJ65 -> 0 | EQ65: =EO65/(EP65*K65) -> #DIV/0! | ER65: =IF($K65>0.01,1,0) -> 0 | EU65: =DK65 -> 0 | EV65: =CU65 -> -480 | EW65: =I65*CU65 -> 0 | EX65: =DR65 -> 0 | EZ65: =EW65-EX65 -> 0 | FA65: =+IF(EZ65/I65<0,0,(EZ65/I65)) -> #DIV/0!
I66: =IF(E66>0.0001,0,0) -> 0 | K66: =E66*60 -> 0 | AN66: =SUM(M66:AM66) -> 0 | AP66: =K66-AN66 -> 0 | CS66: =SUM(AU66:CR66) -> 0 | CU66: =AP66-CS66 -> 0 | CW66: =(SUM(M66:Z66))/K66 -> #DIV/0! | CX66: =(SUM(AA66:AM66))/K66 -> #DIV/0! | CY66: =(SUM(AU66:BQ66))/$K66 -> #DIV/0! | CZ66: =(SUM(BR66:CC66))/K66 -> #DIV/0! | DA66: =(SUM(CD66:CR66))/K66 -> #DIV/0! | DB66: =CU66/K66 -> #DIV/0! | DD66: =AP66 -> 0 | DE66: =CS66 -> 0 | DF66: =$DD66-DE66 -> 0 | DG66: =DF66/$DD66 -> #DIV/0! | DH66: =IF(AP66>0.01,1,0) -> 0 | DJ66: =H66 -> 0 | DK66: =I66 -> 0 | DL66: =DR66/DF66 -> #DIV/0! | DM66: =DL66/DK66 -> #DIV/0! | DN66: =IF(DM66>0.01,1,0) -> #DIV/0! | DR66: =DP66+DQ66 -> 0 | DS66: =IF(DL66=0,0,DP66/DR66) -> #DIV/0! | DT66: =IF(DS66>0.01,1,0) -> #DIV/0! | DV66: =DG66*DM66*DS66 -> #DIV/0! | DW66: =IF($AP66>0.01,1,0) -> 0 | DY66: =DP66 -> 0 | DZ66: =DK66 -> 0 | EA66: =+AP66 -> 0 | EB66: =DZ66*EA66 -> 0 | ED66: =DY66/EB66 -> #DIV/0! | EE66: =IF($AP66>0.01,1,0) -> 0 | EG66: =DP66 -> 0 | EH66: =K66 -> 0 | EI66: =SUM(M66:Z66) -> 0 | EJ66: =I66 -> 0 | EK66: =(EH66-EI66)*EJ66 -> 0 | EL66: =EG66/EK66 -> #DIV/0! | EM66: =IF(EK66>0.01,1,0) -> 0 | EO66: =EG66 -> 0 | EP66: =EJ66 -> 0 | EQ66: =EO66/(EP66*K66) -> #DIV/0! | ER66: =IF($K66>0.01,1,0) -> 0 | EU66: =DK66 -> 0 | EV66: =CU66 -> 0 | EW66: =I66*CU66 -> 0 | EX66: =DR66 -> 0 | EZ66: =EW66-EX66 -> 0 | FA66: =+IF(EZ66/I66<0,0,(EZ66/I66)) -> #DIV/0!
I67: =IF(E67>0.0001,0,0) -> 0 | K67: =E67*60 -> 0 | AN67: =SUM(M67:AM67) -> 0 | AP67: =K67-AN67 -> 0 | CS67: =SUM(AU67:CR67) -> 0 | CU67: =AP67-CS67 -> 0 | CW67: =(SUM(M67:Z67))/K67 -> #DIV/0! | CX67: =(SUM(AA67:AM67))/K67 -> #DIV/0! | CY67: =(SUM(AU67:BQ67))/$K67 -> #DIV/0! | CZ67: =(SUM(BR67:CC67))/K67 -> #DIV/0! | DA67: =(SUM(CD67:CR67))/K67 -> #DIV/0! | DB67: =CU67/K67 -> #DIV/0! | DD67: =AP67 -> 0 | DE67: =CS67 -> 0 | DF67: =$DD67-DE67 -> 0 | DG67: =DF67/$DD67 -> #DIV/0! | DH67: =IF(AP67>0.01,1,0) -> 0 | DJ67: =H67 -> 0 | DK67: =I67 -> 0 | DL67: =DR67/DF67 -> #DIV/0! | DM67: =DL67/DK67 -> #DIV/0! | DN67: =IF(DM67>0.01,1,0) -> #DIV/0! | DR67: =DP67+DQ67 -> 0 | DS67: =IF(DL67=0,0,DP67/DR67) -> #DIV/0! | DT67: =IF(DS67>0.01,1,0) -> #DIV/0! | DV67: =DG67*DM67*DS67 -> #DIV/0! | DW67: =IF($AP67>0.01,1,0) -> 0 | DY67: =DP67 -> 0 | DZ67: =DK67 -> 0 | EA67: =+AP67 -> 0 | EB67: =DZ67*EA67 -> 0 | ED67: =DY67/EB67 -> #DIV/0! | EE67: =IF($AP67>0.01,1,0) -> 0 | EG67: =DP67 -> 0 | EH67: =K67 -> 0 | EI67: =SUM(M67:Z67) -> 0 | EJ67: =I67 -> 0 | EK67: =(EH67-EI67)*EJ67 -> 0 | EL67: =EG67/EK67 -> #DIV/0! | EM67: =IF(EK67>0.01,1,0) -> 0 | EO67: =EG67 -> 0 | EP67: =EJ67 -> 0 | EQ67: =EO67/(EP67*K67) -> #DIV/0! | ER67: =IF($K67>0.01,1,0) -> 0 | EU67: =DK67 -> 0 | EV67: =CU67 -> 0 | EW67: =I67*CU67 -> 0 | EX67: =DR67 -> 0 | EZ67: =EW67-EX67 -> 0 | FA67: =+IF(EZ67/I67<0,0,(EZ67/I67)) -> #DIV/0!
I68: =IF(E68>0.0001,9.4,0) -> 0 | K68: =E68*60 -> 0 | AN68: =SUM(M68:AM68) -> 0 | AP68: =K68-AN68 -> 0 | CS68: =SUM(AU68:CR68) -> 0 | CU68: =AP68-CS68 -> 0 | CW68: =(SUM(M68:Z68))/K68 -> #DIV/0! | CX68: =(SUM(AA68:AM68))/K68 -> #DIV/0! | CY68: =(SUM(AU68:BQ68))/$K68 -> #DIV/0! | CZ68: =(SUM(BR68:CC68))/K68 -> #DIV/0! | DA68: =(SUM(CD68:CR68))/K68 -> #DIV/0! | DB68: =CU68/K68 -> #DIV/0! | DD68: =AP68 -> 0 | DE68: =CS68 -> 0 | DF68: =$DD68-DE68 -> 0 | DG68: =DF68/$DD68 -> #DIV/0! | DH68: =IF(AP68>0.01,1,0) -> 0 | DJ68: =H68 -> 0 | DK68: =I68 -> 0 | DL68: =DR68/DF68 -> #DIV/0! | DM68: =DL68/DK68 -> #DIV/0! | DN68: =IF(DM68>0.01,1,0) -> #DIV/0! | DR68: =DP68+DQ68 -> 0 | DS68: =IF(DL68=0,0,DP68/DR68) -> #DIV/0! | DT68: =IF(DS68>0.01,1,0) -> #DIV/0! | DV68: =DG68*DM68*DS68 -> #DIV/0! | DW68: =IF($AP68>0.01,1,0) -> 0 | DY68: =DP68 -> 0 | DZ68: =DK68 -> 0 | EA68: =+AP68 -> 0 | EB68: =DZ68*EA68 -> 0 | ED68: =DY68/EB68 -> #DIV/0! | EE68: =IF($AP68>0.01,1,0) -> 0 | EG68: =DP68 -> 0 | EH68: =K68 -> 0 | EI68: =SUM(M68:Z68) -> 0 | EJ68: =I68 -> 0 | EK68: =(EH68-EI68)*EJ68 -> 0 | EL68: =EG68/EK68 -> #DIV/0! | EM68: =IF(EK68>0.01,1,0) -> 0 | EO68: =EG68 -> 0 | EP68: =EJ68 -> 0 | EQ68: =EO68/(EP68*K68) -> #DIV/0! | ER68: =IF($K68>0.01,1,0) -> 0 | EU68: =DK68 -> 0 | EV68: =CU68 -> 0 | EW68: =I68*CU68 -> 0 | EX68: =DR68 -> 0 | EZ68: =EW68-EX68 -> 0 | FA68: =+IF(EZ68/I68<0,0,(EZ68/I68)) -> #DIV/0!
I69: =IF(E69>0.0001,0,0) -> 0 | K69: =E69*60 -> 0 | AN69: =SUM(M69:AM69) -> 0 | AP69: =K69-AN69 -> 0 | CS69: =SUM(AU69:CR69) -> 0 | CU69: =AP69-CS69 -> 0 | CW69: =(SUM(M69:Z69))/K69 -> #DIV/0! | CX69: =(SUM(AA69:AM69))/K69 -> #DIV/0! | CY69: =(SUM(AU69:BQ69))/$K69 -> #DIV/0! | CZ69: =(SUM(BR69:CC69))/K69 -> #DIV/0! | DA69: =(SUM(CD69:CR69))/K69 -> #DIV/0! | DB69: =CU69/K69 -> #DIV/0! | DD69: =AP69 -> 0 | DE69: =CS69 -> 0 | DF69: =$DD69-DE69 -> 0 | DG69: =DF69/$DD69 -> #DIV/0! | DH69: =IF(AP69>0.01,1,0) -> 0 | DJ69: =H69 -> 0 | DK69: =I69 -> 0 | DL69: =DR69/DF69 -> #DIV/0! | DM69: =DL69/DK69 -> #DIV/0! | DN69: =IF(DM69>0.01,1,0) -> #DIV/0! | DR69: =DP69+DQ69 -> 0 | DS69: =IF(DL69=0,0,DP69/DR69) -> #DIV/0! | DT69: =IF(DS69>0.01,1,0) -> #DIV/0! | DV69: =DG69*DM69*DS69 -> #DIV/0! | DW69: =IF($AP69>0.01,1,0) -> 0 | DY69: =DP69 -> 0 | DZ69: =DK69 -> 0 | EA69: =+AP69 -> 0 | EB69: =DZ69*EA69 -> 0 | ED69: =DY69/EB69 -> #DIV/0! | EE69: =IF($AP69>0.01,1,0) -> 0 | EG69: =DP69 -> 0 | EH69: =K69 -> 0 | EI69: =SUM(M69:Z69) -> 0 | EJ69: =I69 -> 0 | EK69: =(EH69-EI69)*EJ69 -> 0 | EL69: =EG69/EK69 -> #DIV/0! | EM69: =IF(EK69>0.01,1,0) -> 0 | EO69: =EG69 -> 0 | EP69: =EJ69 -> 0 | EQ69: =EO69/(EP69*K69) -> #DIV/0! | ER69: =IF($K69>0.01,1,0) -> 0 | EU69: =DK69 -> 0 | EV69: =CU69 -> 0 | EW69: =I69*CU69 -> 0 | EX69: =DR69 -> 0 | EZ69: =EW69-EX69 -> 0 | FA69: =+IF(EZ69/I69<0,0,(EZ69/I69)) -> #DIV/0!
I70: =IF(E70>0.0001,0,0) -> 0 | K70: =E70*60 -> 0 | AN70: =SUM(M70:AM70) -> 0 | AP70: =K70-AN70 -> 0 | CS70: =SUM(AU70:CR70) -> 0 | CU70: =AP70-CS70 -> 0 | CW70: =(SUM(M70:Z70))/K70 -> #DIV/0! | CX70: =(SUM(AA70:AM70))/K70 -> #DIV/0! | CY70: =(SUM(AU70:BQ70))/$K70 -> #DIV/0! | CZ70: =(SUM(BR70:CC70))/K70 -> #DIV/0! | DA70: =(SUM(CD70:CR70))/K70 -> #DIV/0! | DB70: =CU70/K70 -> #DIV/0! | DD70: =AP70 -> 0 | DE70: =CS70 -> 0 | DF70: =$DD70-DE70 -> 0 | DG70: =DF70/$DD70 -> #DIV/0! | DH70: =IF(AP70>0.01,1,0) -> 0 | DJ70: =H70 -> 0 | DK70: =I70 -> 0 | DL70: =DR70/DF70 -> #DIV/0! | DM70: =DL70/DK70 -> #DIV/0! | DN70: =IF(DM70>0.01,1,0) -> #DIV/0! | DR70: =DP70+DQ70 -> 0 | DS70: =IF(DL70=0,0,DP70/DR70) -> #DIV/0! | DT70: =IF(DS70>0.01,1,0) -> #DIV/0! | DV70: =DG70*DM70*DS70 -> #DIV/0! | DW70: =IF($AP70>0.01,1,0) -> 0 | DY70: =DP70 -> 0 | DZ70: =DK70 -> 0 | EA70: =+AP70 -> 0 | EB70: =DZ70*EA70 -> 0 | ED70: =DY70/EB70 -> #DIV/0! | EE70: =IF($AP70>0.01,1,0) -> 0 | EG70: =DP70 -> 0 | EH70: =K70 -> 0 | EI70: =SUM(M70:Z70) -> 0 | EJ70: =I70 -> 0 | EK70: =(EH70-EI70)*EJ70 -> 0 | EL70: =EG70/EK70 -> #DIV/0! | EM70: =IF(EK70>0.01,1,0) -> 0 | EO70: =EG70 -> 0 | EP70: =EJ70 -> 0 | EQ70: =EO70/(EP70*K70) -> #DIV/0! | ER70: =IF($K70>0.01,1,0) -> 0 | EU70: =DK70 -> 0 | EV70: =CU70 -> 0 | EW70: =I70*CU70 -> 0 | EX70: =DR70 -> 0 | EZ70: =EW70-EX70 -> 0 | FA70: =+IF(EZ70/I70<0,0,(EZ70/I70)) -> #DIV/0!
I71: =IF(E71>0.0001,9.4,0) -> 0 | K71: =E71*60 -> 0 | AN71: =SUM(M71:AM71) -> 0 | AP71: =K71-AN71 -> 0 | CS71: =SUM(AU71:CR71) -> 0 | CU71: =AP71-CS71 -> 0 | CW71: =(SUM(M71:Z71))/K71 -> #DIV/0! | CX71: =(SUM(AA71:AM71))/K71 -> #DIV/0! | CY71: =(SUM(AU71:BQ71))/$K71 -> #DIV/0! | CZ71: =(SUM(BR71:CC71))/K71 -> #DIV/0! | DA71: =(SUM(CD71:CR71))/K71 -> #DIV/0! | DB71: =CU71/K71 -> #DIV/0! | DD71: =AP71 -> 0 | DE71: =CS71 -> 0 | DF71: =$DD71-DE71 -> 0 | DG71: =DF71/$DD71 -> #DIV/0! | DH71: =IF(AP71>0.01,1,0) -> 0 | DJ71: =H71 -> 0 | DK71: =I71 -> 0 | DL71: =DR71/DF71 -> #DIV/0! | DM71: =DL71/DK71 -> #DIV/0! | DN71: =IF(DM71>0.01,1,0) -> #DIV/0! | DR71: =DP71+DQ71 -> 0 | DS71: =IF(DL71=0,0,DP71/DR71) -> #DIV/0! | DT71: =IF(DS71>0.01,1,0) -> #DIV/0! | DV71: =DG71*DM71*DS71 -> #DIV/0! | DW71: =IF($AP71>0.01,1,0) -> 0 | DY71: =DP71 -> 0 | DZ71: =DK71 -> 0 | EA71: =+AP71 -> 0 | EB71: =DZ71*EA71 -> 0 | ED71: =DY71/EB71 -> #DIV/0! | EE71: =IF($AP71>0.01,1,0) -> 0 | EG71: =DP71 -> 0 | EH71: =K71 -> 0 | EI71: =SUM(M71:Z71) -> 0 | EJ71: =I71 -> 0 | EK71: =(EH71-EI71)*EJ71 -> 0 | EL71: =EG71/EK71 -> #DIV/0! | EM71: =IF(EK71>0.01,1,0) -> 0 | EO71: =EG71 -> 0 | EP71: =EJ71 -> 0 | EQ71: =EO71/(EP71*K71) -> #DIV/0! | ER71: =IF($K71>0.01,1,0) -> 0 | EU71: =DK71 -> 0 | EV71: =CU71 -> 0 | EW71: =I71*CU71 -> 0 | EX71: =DR71 -> 0 | EZ71: =EW71-EX71 -> 0 | FA71: =+IF(EZ71/I71<0,0,(EZ71/I71)) -> #DIV/0!
I72: =IF(E72>0.0001,0,0) -> 0 | K72: =E72*60 -> 0 | AN72: =SUM(M72:AM72) -> 0 | AP72: =K72-AN72 -> 0 | CS72: =SUM(AU72:CR72) -> 0 | CU72: =AP72-CS72 -> 0 | CW72: =(SUM(M72:Z72))/K72 -> #DIV/0! | CX72: =(SUM(AA72:AM72))/K72 -> #DIV/0! | CY72: =(SUM(AU72:BQ72))/$K72 -> #DIV/0! | CZ72: =(SUM(BR72:CC72))/K72 -> #DIV/0! | DA72: =(SUM(CD72:CR72))/K72 -> #DIV/0! | DB72: =CU72/K72 -> #DIV/0! | DD72: =AP72 -> 0 | DE72: =CS72 -> 0 | DF72: =$DD72-DE72 -> 0 | DG72: =DF72/$DD72 -> #DIV/0! | DH72: =IF(AP72>0.01,1,0) -> 0 | DJ72: =H72 -> 0 | DK72: =I72 -> 0 | DL72: =DR72/DF72 -> #DIV/0! | DM72: =DL72/DK72 -> #DIV/0! | DN72: =IF(DM72>0.01,1,0) -> #DIV/0! | DR72: =DP72+DQ72 -> 0 | DS72: =IF(DL72=0,0,DP72/DR72) -> #DIV/0! | DT72: =IF(DS72>0.01,1,0) -> #DIV/0! | DV72: =DG72*DM72*DS72 -> #DIV/0! | DW72: =IF($AP72>0.01,1,0) -> 0 | DY72: =DP72 -> 0 | DZ72: =DK72 -> 0 | EA72: =+AP72 -> 0 | EB72: =DZ72*EA72 -> 0 | ED72: =DY72/EB72 -> #DIV/0! | EE72: =IF($AP72>0.01,1,0) -> 0 | EG72: =DP72 -> 0 | EH72: =K72 -> 0 | EI72: =SUM(M72:Z72) -> 0 | EJ72: =I72 -> 0 | EK72: =(EH72-EI72)*EJ72 -> 0 | EL72: =EG72/EK72 -> #DIV/0! | EM72: =IF(EK72>0.01,1,0) -> 0 | EO72: =EG72 -> 0 | EP72: =EJ72 -> 0 | EQ72: =EO72/(EP72*K72) -> #DIV/0! | ER72: =IF($K72>0.01,1,0) -> 0 | EU72: =DK72 -> 0 | EV72: =CU72 -> 0 | EW72: =I72*CU72 -> 0 | EX72: =DR72 -> 0 | EZ72: =EW72-EX72 -> 0 | FA72: =+IF(EZ72/I72<0,0,(EZ72/I72)) -> #DIV/0!
I73: =IF(E73>0.0001,0,0) -> 0 | K73: =E73*60 -> 0 | AN73: =SUM(M73:AM73) -> 0 | AP73: =K73-AN73 -> 0 | CS73: =SUM(AU73:CR73) -> 0 | CU73: =AP73-CS73 -> 0 | CW73: =(SUM(M73:Z73))/K73 -> #DIV/0! | CX73: =(SUM(AA73:AM73))/K73 -> #DIV/0! | CY73: =(SUM(AU73:BQ73))/$K73 -> #DIV/0! | CZ73: =(SUM(BR73:CC73))/K73 -> #DIV/0! | DA73: =(SUM(CD73:CR73))/K73 -> #DIV/0! | DB73: =CU73/K73 -> #DIV/0! | DD73: =AP73 -> 0 | DE73: =CS73 -> 0 | DF73: =$DD73-DE73 -> 0 | DG73: =DF73/$DD73 -> #DIV/0! | DH73: =IF(AP73>0.01,1,0) -> 0 | DJ73: =H73 -> 0 | DK73: =I73 -> 0 | DL73: =DR73/DF73 -> #DIV/0! | DM73: =DL73/DK73 -> #DIV/0! | DN73: =IF(DM73>0.01,1,0) -> #DIV/0! | DR73: =DP73+DQ73 -> 0 | DS73: =IF(DL73=0,0,DP73/DR73) -> #DIV/0! | DT73: =IF(DS73>0.01,1,0) -> #DIV/0! | DV73: =DG73*DM73*DS73 -> #DIV/0! | DW73: =IF($AP73>0.01,1,0) -> 0 | DY73: =DP73 -> 0 | DZ73: =DK73 -> 0 | EA73: =+AP73 -> 0 | EB73: =DZ73*EA73 -> 0 | ED73: =DY73/EB73 -> #DIV/0! | EE73: =IF($AP73>0.01,1,0) -> 0 | EG73: =DP73 -> 0 | EH73: =K73 -> 0 | EI73: =SUM(M73:Z73) -> 0 | EJ73: =I73 -> 0 | EK73: =(EH73-EI73)*EJ73 -> 0 | EL73: =EG73/EK73 -> #DIV/0! | EM73: =IF(EK73>0.01,1,0) -> 0 | EO73: =EG73 -> 0 | EP73: =EJ73 -> 0 | EQ73: =EO73/(EP73*K73) -> #DIV/0! | ER73: =IF($K73>0.01,1,0) -> 0 | EU73: =DK73 -> 0 | EV73: =CU73 -> 0 | EW73: =I73*CU73 -> 0 | EX73: =DR73 -> 0 | EZ73: =EW73-EX73 -> 0 | FA73: =+IF(EZ73/I73<0,0,(EZ73/I73)) -> #DIV/0!
I74: =IF(E74>0.0001,11,0) -> 0 | K74: =E74*60 -> 0 | AN74: =SUM(M74:AM74) -> 0 | AP74: =K74-AN74 -> 0 | CS74: =SUM(AU74:CR74) -> 0 | CU74: =AP74-CS74 -> 0 | CW74: =(SUM(M74:Z74))/K74 -> #DIV/0! | CX74: =(SUM(AA74:AM74))/K74 -> #DIV/0! | CY74: =(SUM(AU74:BQ74))/$K74 -> #DIV/0! | CZ74: =(SUM(BR74:CC74))/K74 -> #DIV/0! | DA74: =(SUM(CD74:CR74))/K74 -> #DIV/0! | DB74: =CU74/K74 -> #DIV/0! | DD74: =AP74 -> 0 | DE74: =CS74 -> 0 | DF74: =$DD74-DE74 -> 0 | DG74: =DF74/$DD74 -> #DIV/0! | DH74: =IF(AP74>0.01,1,0) -> 0 | DJ74: =H74 -> 0 | DK74: =I74 -> 0 | DL74: =DR74/DF74 -> #DIV/0! | DM74: =DL74/DK74 -> #DIV/0! | DN74: =IF(DM74>0.01,1,0) -> #DIV/0! | DR74: =DP74+DQ74 -> 0 | DS74: =IF(DL74=0,0,DP74/DR74) -> #DIV/0! | DT74: =IF(DS74>0.01,1,0) -> #DIV/0! | DV74: =DG74*DM74*DS74 -> #DIV/0! | DW74: =IF($AP74>0.01,1,0) -> 0 | DY74: =DP74 -> 0 | DZ74: =DK74 -> 0 | EA74: =+AP74 -> 0 | EB74: =DZ74*EA74 -> 0 | ED74: =DY74/EB74 -> #DIV/0! | EE74: =IF($AP74>0.01,1,0) -> 0 | EG74: =DP74 -> 0 | EH74: =K74 -> 0 | EI74: =SUM(M74:Z74) -> 0 | EJ74: =I74 -> 0 | EK74: =(EH74-EI74)*EJ74 -> 0 | EL74: =EG74/EK74 -> #DIV/0! | EM74: =IF(EK74>0.01,1,0) -> 0 | EO74: =EG74 -> 0 | EP74: =EJ74 -> 0 | EQ74: =EO74/(EP74*K74) -> #DIV/0! | ER74: =IF($K74>0.01,1,0) -> 0 | EU74: =DK74 -> 0 | EV74: =CU74 -> 0 | EW74: =I74*CU74 -> 0 | EX74: =DR74 -> 0 | EZ74: =EW74-EX74 -> 0 | FA74: =+IF(EZ74/I74<0,0,(EZ74/I74)) -> #DIV/0!
I75: =IF(E75>0.0001,11,0) -> 0 | K75: =E75*60 -> 0 | AN75: =SUM(M75:AM75) -> 0 | AP75: =K75-AN75 -> 0 | CS75: =SUM(AU75:CR75) -> 0 | CU75: =AP75-CS75 -> 0 | CW75: =(SUM(M75:Z75))/K75 -> #DIV/0! | CX75: =(SUM(AA75:AM75))/K75 -> #DIV/0! | CY75: =(SUM(AU75:BQ75))/$K75 -> #DIV/0! | CZ75: =(SUM(BR75:CC75))/K75 -> #DIV/0! | DA75: =(SUM(CD75:CR75))/K75 -> #DIV/0! | DB75: =CU75/K75 -> #DIV/0! | DD75: =AP75 -> 0 | DE75: =CS75 -> 0 | DF75: =$DD75-DE75 -> 0 | DG75: =DF75/$DD75 -> #DIV/0! | DH75: =IF(AP75>0.01,1,0) -> 0 | DJ75: =H75 -> 0 | DK75: =I75 -> 0 | DL75: =DR75/DF75 -> #DIV/0! | DM75: =DL75/DK75 -> #DIV/0! | DN75: =IF(DM75>0.01,1,0) -> #DIV/0! | DR75: =DP75+DQ75 -> 0 | DS75: =IF(DL75=0,0,DP75/DR75) -> #DIV/0! | DT75: =IF(DS75>0.01,1,0) -> #DIV/0! | DV75: =DG75*DM75*DS75 -> #DIV/0! | DW75: =IF($AP75>0.01,1,0) -> 0 | DY75: =DP75 -> 0 | DZ75: =DK75 -> 0 | EA75: =+AP75 -> 0 | EB75: =DZ75*EA75 -> 0 | ED75: =DY75/EB75 -> #DIV/0! | EE75: =IF($AP75>0.01,1,0) -> 0 | EG75: =DP75 -> 0 | EH75: =K75 -> 0 | EI75: =SUM(M75:Z75) -> 0 | EJ75: =I75 -> 0 | EK75: =(EH75-EI75)*EJ75 -> 0 | EL75: =EG75/EK75 -> #DIV/0! | EM75: =IF(EK75>0.01,1,0) -> 0 | EO75: =EG75 -> 0 | EP75: =EJ75 -> 0 | EQ75: =EO75/(EP75*K75) -> #DIV/0! | ER75: =IF($K75>0.01,1,0) -> 0 | EU75: =DK75 -> 0 | EV75: =CU75 -> 0 | EW75: =I75*CU75 -> 0 | EX75: =DR75 -> 0 | EZ75: =EW75-EX75 -> 0 | FA75: =+IF(EZ75/I75<0,0,(EZ75/I75)) -> #DIV/0!
I76: =IF(E76>0.0001,0,0) -> 0 | K76: =E76*60 -> 0 | AN76: =SUM(M76:AM76) -> 0 | AP76: =K76-AN76 -> 0 | CS76: =SUM(AU76:CR76) -> 0 | CU76: =AP76-CS76 -> 0 | CW76: =(SUM(M76:Z76))/K76 -> #DIV/0! | CX76: =(SUM(AA76:AM76))/K76 -> #DIV/0! | CY76: =(SUM(AU76:BQ76))/$K76 -> #DIV/0! | CZ76: =(SUM(BR76:CC76))/K76 -> #DIV/0! | DA76: =(SUM(CD76:CR76))/K76 -> #DIV/0! | DB76: =CU76/K76 -> #DIV/0! | DD76: =AP76 -> 0 | DE76: =CS76 -> 0 | DF76: =$DD76-DE76 -> 0 | DG76: =DF76/$DD76 -> #DIV/0! | DH76: =IF(AP76>0.01,1,0) -> 0 | DJ76: =H76 -> 0 | DK76: =I76 -> 0 | DL76: =DR76/DF76 -> #DIV/0! | DM76: =DL76/DK76 -> #DIV/0! | DN76: =IF(DM76>0.01,1,0) -> #DIV/0! | DR76: =DP76+DQ76 -> 0 | DS76: =IF(DL76=0,0,DP76/DR76) -> #DIV/0! | DT76: =IF(DS76>0.01,1,0) -> #DIV/0! | DV76: =DG76*DM76*DS76 -> #DIV/0! | DW76: =IF($AP76>0.01,1,0) -> 0 | DY76: =DP76 -> 0 | DZ76: =DK76 -> 0 | EA76: =+AP76 -> 0 | EB76: =DZ76*EA76 -> 0 | ED76: =DY76/EB76 -> #DIV/0! | EE76: =IF($AP76>0.01,1,0) -> 0 | EG76: =DP76 -> 0 | EH76: =K76 -> 0 | EI76: =SUM(M76:Z76) -> 0 | EJ76: =I76 -> 0 | EK76: =(EH76-EI76)*EJ76 -> 0 | EL76: =EG76/EK76 -> #DIV/0! | EM76: =IF(EK76>0.01,1,0) -> 0 | EO76: =EG76 -> 0 | EP76: =EJ76 -> 0 | EQ76: =EO76/(EP76*K76) -> #DIV/0! | ER76: =IF($K76>0.01,1,0) -> 0 | EU76: =DK76 -> 0 | EV76: =CU76 -> 0 | EW76: =I76*CU76 -> 0 | EX76: =DR76 -> 0 | EZ76: =EW76-EX76 -> 0 | FA76: =+IF(EZ76/I76<0,0,(EZ76/I76)) -> #DIV/0!
I77: =IF(E77>0.0001,0,0) -> 0 | K77: =E77*60 -> 0 | AN77: =SUM(M77:AM77) -> 0 | AP77: =K77-AN77 -> 0 | CS77: =SUM(AU77:CR77) -> 0 | CU77: =AP77-CS77 -> 0 | CW77: =(SUM(M77:Z77))/K77 -> #DIV/0! | CX77: =(SUM(AA77:AM77))/K77 -> #DIV/0! | CY77: =(SUM(AU77:BQ77))/$K77 -> #DIV/0! | CZ77: =(SUM(BR77:CC77))/K77 -> #DIV/0! | DA77: =(SUM(CD77:CR77))/K77 -> #DIV/0! | DB77: =CU77/K77 -> #DIV/0! | DD77: =AP77 -> 0 | DE77: =CS77 -> 0 | DF77: =$DD77-DE77 -> 0 | DG77: =DF77/$DD77 -> #DIV/0! | DH77: =IF(AP77>0.01,1,0) -> 0 | DJ77: =H77 -> 0 | DK77: =I77 -> 0 | DL77: =DR77/DF77 -> #DIV/0! | DM77: =DL77/DK77 -> #DIV/0! | DN77: =IF(DM77>0.01,1,0) -> #DIV/0! | DR77: =DP77+DQ77 -> 0 | DS77: =IF(DL77=0,0,DP77/DR77) -> #DIV/0! | DT77: =IF(DS77>0.01,1,0) -> #DIV/0! | DV77: =DG77*DM77*DS77 -> #DIV/0! | DW77: =IF($AP77>0.01,1,0) -> 0 | DY77: =DP77 -> 0 | DZ77: =DK77 -> 0 | EA77: =+AP77 -> 0 | EB77: =DZ77*EA77 -> 0 | ED77: =DY77/EB77 -> #DIV/0! | EE77: =IF($AP77>0.01,1,0) -> 0 | EG77: =DP77 -> 0 | EH77: =K77 -> 0 | EI77: =SUM(M77:Z77) -> 0 | EJ77: =I77 -> 0 | EK77: =(EH77-EI77)*EJ77 -> 0 | EL77: =EG77/EK77 -> #DIV/0! | EM77: =IF(EK77>0.01,1,0) -> 0 | EO77: =EG77 -> 0 | EP77: =EJ77 -> 0 | EQ77: =EO77/(EP77*K77) -> #DIV/0! | ER77: =IF($K77>0.01,1,0) -> 0 | EU77: =DK77 -> 0 | EV77: =CU77 -> 0 | EW77: =I77*CU77 -> 0 | EX77: =DR77 -> 0 | EZ77: =EW77-EX77 -> 0 | FA77: =+IF(EZ77/I77<0,0,(EZ77/I77)) -> #DIV/0!
I78: =IF(E78>0.0001,0,0) -> 0 | K78: =E78*60 -> 0 | AN78: =SUM(M78:AM78) -> 0 | AP78: =K78-AN78 -> 0 | CS78: =SUM(AU78:CR78) -> 0 | CU78: =AP78-CS78 -> 0 | CW78: =(SUM(M78:Z78))/K78 -> #DIV/0! | CX78: =(SUM(AA78:AM78))/K78 -> #DIV/0! | CY78: =(SUM(AU78:BQ78))/$K78 -> #DIV/0! | CZ78: =(SUM(BR78:CC78))/K78 -> #DIV/0! | DA78: =(SUM(CD78:CR78))/K78 -> #DIV/0! | DB78: =CU78/K78 -> #DIV/0! | DD78: =AP78 -> 0 | DE78: =CS78 -> 0 | DF78: =$DD78-DE78 -> 0 | DG78: =DF78/$DD78 -> #DIV/0! | DH78: =IF(AP78>0.01,1,0) -> 0 | DJ78: =H78 -> 0 | DK78: =I78 -> 0 | DL78: =DR78/DF78 -> #DIV/0! | DM78: =DL78/DK78 -> #DIV/0! | DN78: =IF(DM78>0.01,1,0) -> #DIV/0! | DR78: =DP78+DQ78 -> 0 | DS78: =IF(DL78=0,0,DP78/DR78) -> #DIV/0! | DT78: =IF(DS78>0.01,1,0) -> #DIV/0! | DV78: =DG78*DM78*DS78 -> #DIV/0! | DW78: =IF($AP78>0.01,1,0) -> 0 | DY78: =DP78 -> 0 | DZ78: =DK78 -> 0 | EA78: =+AP78 -> 0 | EB78: =DZ78*EA78 -> 0 | ED78: =DY78/EB78 -> #DIV/0! | EE78: =IF($AP78>0.01,1,0) -> 0 | EG78: =DP78 -> 0 | EH78: =K78 -> 0 | EI78: =SUM(M78:Z78) -> 0 | EJ78: =I78 -> 0 | EK78: =(EH78-EI78)*EJ78 -> 0 | EL78: =EG78/EK78 -> #DIV/0! | EM78: =IF(EK78>0.01,1,0) -> 0 | EO78: =EG78 -> 0 | EP78: =EJ78 -> 0 | EQ78: =EO78/(EP78*K78) -> #DIV/0! | ER78: =IF($K78>0.01,1,0) -> 0 | EU78: =DK78 -> 0 | EV78: =CU78 -> 0 | EW78: =I78*CU78 -> 0 | EX78: =DR78 -> 0 | EZ78: =EW78-EX78 -> 0 | FA78: =+IF(EZ78/I78<0,0,(EZ78/I78)) -> #DIV/0!
I79: =IF(E79>0.0001,0,0) -> 0 | K79: =E79*60 -> 0 | AN79: =SUM(M79:AM79) -> 0 | AP79: =K79-AN79 -> 0 | CS79: =SUM(AU79:CR79) -> 0 | CU79: =AP79-CS79 -> 0 | CW79: =(SUM(M79:Z79))/K79 -> #DIV/0! | CX79: =(SUM(AA79:AM79))/K79 -> #DIV/0! | CY79: =(SUM(AU79:BQ79))/$K79 -> #DIV/0! | CZ79: =(SUM(BR79:CC79))/K79 -> #DIV/0! | DA79: =(SUM(CD79:CR79))/K79 -> #DIV/0! | DB79: =CU79/K79 -> #DIV/0! | DD79: =AP79 -> 0 | DE79: =CS79 -> 0 | DF79: =$DD79-DE79 -> 0 | DG79: =DF79/$DD79 -> #DIV/0! | DH79: =IF(AP79>0.01,1,0) -> 0 | DJ79: =H79 -> 0 | DK79: =I79 -> 0 | DL79: =DR79/DF79 -> #DIV/0! | DM79: =DL79/DK79 -> #DIV/0! | DN79: =IF(DM79>0.01,1,0) -> #DIV/0! | DR79: =DP79+DQ79 -> 0 | DS79: =IF(DL79=0,0,DP79/DR79) -> #DIV/0! | DT79: =IF(DS79>0.01,1,0) -> #DIV/0! | DV79: =DG79*DM79*DS79 -> #DIV/0! | DW79: =IF($AP79>0.01,1,0) -> 0 | DY79: =DP79 -> 0 | DZ79: =DK79 -> 0 | EA79: =+AP79 -> 0 | EB79: =DZ79*EA79 -> 0 | ED79: =DY79/EB79 -> #DIV/0! | EE79: =IF($AP79>0.01,1,0) -> 0 | EG79: =DP79 -> 0 | EH79: =K79 -> 0 | EI79: =SUM(M79:Z79) -> 0 | EJ79: =I79 -> 0 | EK79: =(EH79-EI79)*EJ79 -> 0 | EL79: =EG79/EK79 -> #DIV/0! | EM79: =IF(EK79>0.01,1,0) -> 0 | EO79: =EG79 -> 0 | EP79: =EJ79 -> 0 | EQ79: =EO79/(EP79*K79) -> #DIV/0! | ER79: =IF($K79>0.01,1,0) -> 0 | EU79: =DK79 -> 0 | EV79: =CU79 -> 0 | EW79: =I79*CU79 -> 0 | EX79: =DR79 -> 0 | EZ79: =EW79-EX79 -> 0 | FA79: =+IF(EZ79/I79<0,0,(EZ79/I79)) -> #DIV/0!
I80: =IF(E80>0.0001,0,0) -> 0 | K80: =E80*60 -> 0 | AN80: =SUM(M80:AM80) -> 0 | AP80: =K80-AN80 -> 0 | CS80: =SUM(AU80:CR80) -> 0 | CU80: =AP80-CS80 -> 0 | CW80: =(SUM(M80:Z80))/K80 -> #DIV/0! | CX80: =(SUM(AA80:AM80))/K80 -> #DIV/0! | CY80: =(SUM(AU80:BQ80))/$K80 -> #DIV/0! | CZ80: =(SUM(BR80:CC80))/K80 -> #DIV/0! | DA80: =(SUM(CD80:CR80))/K80 -> #DIV/0! | DB80: =CU80/K80 -> #DIV/0! | DD80: =AP80 -> 0 | DE80: =CS80 -> 0 | DF80: =$DD80-DE80 -> 0 | DG80: =DF80/$DD80 -> #DIV/0! | DH80: =IF(AP80>0.01,1,0) -> 0 | DJ80: =H80 -> 0 | DK80: =I80 -> 0 | DL80: =DR80/DF80 -> #DIV/0! | DM80: =DL80/DK80 -> #DIV/0! | DN80: =IF(DM80>0.01,1,0) -> #DIV/0! | DR80: =DP80+DQ80 -> 0 | DS80: =IF(DL80=0,0,DP80/DR80) -> #DIV/0! | DT80: =IF(DS80>0.01,1,0) -> #DIV/0! | DV80: =DG80*DM80*DS80 -> #DIV/0! | DW80: =IF($AP80>0.01,1,0) -> 0 | DY80: =DP80 -> 0 | DZ80: =DK80 -> 0 | EA80: =+AP80 -> 0 | EB80: =DZ80*EA80 -> 0 | ED80: =DY80/EB80 -> #DIV/0! | EE80: =IF($AP80>0.01,1,0) -> 0 | EG80: =DP80 -> 0 | EH80: =K80 -> 0 | EI80: =SUM(M80:Z80) -> 0 | EJ80: =I80 -> 0 | EK80: =(EH80-EI80)*EJ80 -> 0 | EL80: =EG80/EK80 -> #DIV/0! | EM80: =IF(EK80>0.01,1,0) -> 0 | EO80: =EG80 -> 0 | EP80: =EJ80 -> 0 | EQ80: =EO80/(EP80*K80) -> #DIV/0! | ER80: =IF($K80>0.01,1,0) -> 0 | EU80: =DK80 -> 0 | EV80: =CU80 -> 0 | EW80: =I80*CU80 -> 0 | EX80: =DR80 -> 0 | EZ80: =EW80-EX80 -> 0 | FA80: =+IF(EZ80/I80<0,0,(EZ80/I80)) -> #DIV/0!
I81: =IF(E81>0.0001,0,0) -> 0 | K81: =E81*60 -> 0 | AN81: =SUM(M81:AM81) -> 0 | AP81: =K81-AN81 -> 0 | CS81: =SUM(AU81:CR81) -> 0 | CU81: =AP81-CS81 -> 0 | CW81: =(SUM(M81:Z81))/K81 -> #DIV/0! | CX81: =(SUM(AA81:AM81))/K81 -> #DIV/0! | CY81: =(SUM(AU81:BQ81))/$K81 -> #DIV/0! | CZ81: =(SUM(BR81:CC81))/K81 -> #DIV/0! | DA81: =(SUM(CD81:CR81))/K81 -> #DIV/0! | DB81: =CU81/K81 -> #DIV/0! | DD81: =AP81 -> 0 | DE81: =CS81 -> 0 | DF81: =$DD81-DE81 -> 0 | DG81: =DF81/$DD81 -> #DIV/0! | DH81: =IF(AP81>0.01,1,0) -> 0 | DJ81: =H81 -> 0 | DK81: =I81 -> 0 | DL81: =DR81/DF81 -> #DIV/0! | DM81: =DL81/DK81 -> #DIV/0! | DN81: =IF(DM81>0.01,1,0) -> #DIV/0! | DR81: =DP81+DQ81 -> 0 | DS81: =IF(DL81=0,0,DP81/DR81) -> #DIV/0! | DT81: =IF(DS81>0.01,1,0) -> #DIV/0! | DV81: =DG81*DM81*DS81 -> #DIV/0! | DW81: =IF($AP81>0.01,1,0) -> 0 | DY81: =DP81 -> 0 | DZ81: =DK81 -> 0 | EA81: =+AP81 -> 0 | EB81: =DZ81*EA81 -> 0 | ED81: =DY81/EB81 -> #DIV/0! | EE81: =IF($AP81>0.01,1,0) -> 0 | EG81: =DP81 -> 0 | EH81: =K81 -> 0 | EI81: =SUM(M81:Z81) -> 0 | EJ81: =I81 -> 0 | EK81: =(EH81-EI81)*EJ81 -> 0 | EL81: =EG81/EK81 -> #DIV/0! | EM81: =IF(EK81>0.01,1,0) -> 0 | EO81: =EG81 -> 0 | EP81: =EJ81 -> 0 | EQ81: =EO81/(EP81*K81) -> #DIV/0! | ER81: =IF($K81>0.01,1,0) -> 0 | EU81: =DK81 -> 0 | EV81: =CU81 -> 0 | EW81: =I81*CU81 -> 0 | EX81: =DR81 -> 0 | EZ81: =EW81-EX81 -> 0 | FA81: =+IF(EZ81/I81<0,0,(EZ81/I81)) -> #DIV/0!
I82: =IF(E82>0.0001,0,0) -> 0 | K82: =E82*60 -> 0 | AN82: =SUM(M82:AM82) -> 0 | AP82: =K82-AN82 -> 0 | CS82: =SUM(AU82:CR82) -> 0 | CU82: =AP82-CS82 -> 0 | CW82: =(SUM(M82:Z82))/K82 -> #DIV/0! | CX82: =(SUM(AA82:AM82))/K82 -> #DIV/0! | CY82: =(SUM(AU82:BQ82))/$K82 -> #DIV/0! | CZ82: =(SUM(BR82:CC82))/K82 -> #DIV/0! | DA82: =(SUM(CD82:CR82))/K82 -> #DIV/0! | DB82: =CU82/K82 -> #DIV/0! | DD82: =AP82 -> 0 | DE82: =CS82 -> 0 | DF82: =$DD82-DE82 -> 0 | DG82: =DF82/$DD82 -> #DIV/0! | DH82: =IF(AP82>0.01,1,0) -> 0 | DJ82: =H82 -> 0 | DK82: =I82 -> 0 | DL82: =DR82/DF82 -> #DIV/0! | DM82: =DL82/DK82 -> #DIV/0! | DN82: =IF(DM82>0.01,1,0) -> #DIV/0! | DR82: =DP82+DQ82 -> 0 | DS82: =IF(DL82=0,0,DP82/DR82) -> #DIV/0! | DT82: =IF(DS82>0.01,1,0) -> #DIV/0! | DV82: =DG82*DM82*DS82 -> #DIV/0! | DW82: =IF($AP82>0.01,1,0) -> 0 | DY82: =DP82 -> 0 | DZ82: =DK82 -> 0 | EA82: =+AP82 -> 0 | EB82: =DZ82*EA82 -> 0 | ED82: =DY82/EB82 -> #DIV/0! | EE82: =IF($AP82>0.01,1,0) -> 0 | EG82: =DP82 -> 0 | EH82: =K82 -> 0 | EI82: =SUM(M82:Z82) -> 0 | EJ82: =I82 -> 0 | EK82: =(EH82-EI82)*EJ82 -> 0 | EL82: =EG82/EK82 -> #DIV/0! | EM82: =IF(EK82>0.01,1,0) -> 0 | EO82: =EG82 -> 0 | EP82: =EJ82 -> 0 | EQ82: =EO82/(EP82*K82) -> #DIV/0! | ER82: =IF($K82>0.01,1,0) -> 0 | EU82: =DK82 -> 0 | EV82: =CU82 -> 0 | EW82: =I82*CU82 -> 0 | EX82: =DR82 -> 0 | EZ82: =EW82-EX82 -> 0 | FA82: =+IF(EZ82/I82<0,0,(EZ82/I82)) -> #DIV/0!
I83: =IF(E83>0.0001,9.4,0) -> 0 | K83: =E83*60 -> 0 | AN83: =SUM(M83:AM83) -> 0 | AP83: =K83-AN83 -> 0 | CS83: =SUM(AU83:CR83) -> 0 | CU83: =AP83-CS83 -> 0 | CW83: =(SUM(M83:Z83))/K83 -> #DIV/0! | CX83: =(SUM(AA83:AM83))/K83 -> #DIV/0! | CY83: =(SUM(AU83:BQ83))/$K83 -> #DIV/0! | CZ83: =(SUM(BR83:CC83))/K83 -> #DIV/0! | DA83: =(SUM(CD83:CR83))/K83 -> #DIV/0! | DB83: =CU83/K83 -> #DIV/0! | DD83: =AP83 -> 0 | DE83: =CS83 -> 0 | DF83: =$DD83-DE83 -> 0 | DG83: =DF83/$DD83 -> #DIV/0! | DH83: =IF(AP83>0.01,1,0) -> 0 | DJ83: =H83 -> 0 | DK83: =I83 -> 0 | DL83: =DR83/DF83 -> #DIV/0! | DM83: =DL83/DK83 -> #DIV/0! | DN83: =IF(DM83>0.01,1,0) -> #DIV/0! | DR83: =DP83+DQ83 -> 0 | DS83: =IF(DL83=0,0,DP83/DR83) -> #DIV/0! | DT83: =IF(DS83>0.01,1,0) -> #DIV/0! | DV83: =DG83*DM83*DS83 -> #DIV/0! | DW83: =IF($AP83>0.01,1,0) -> 0 | DY83: =DP83 -> 0 | DZ83: =DK83 -> 0 | EA83: =+AP83 -> 0 | EB83: =DZ83*EA83 -> 0 | ED83: =DY83/EB83 -> #DIV/0! | EE83: =IF($AP83>0.01,1,0) -> 0 | EG83: =DP83 -> 0 | EH83: =K83 -> 0 | EI83: =SUM(M83:Z83) -> 0 | EJ83: =I83 -> 0 | EK83: =(EH83-EI83)*EJ83 -> 0 | EL83: =EG83/EK83 -> #DIV/0! | EM83: =IF(EK83>0.01,1,0) -> 0 | EO83: =EG83 -> 0 | EP83: =EJ83 -> 0 | EQ83: =EO83/(EP83*K83) -> #DIV/0! | ER83: =IF($K83>0.01,1,0) -> 0 | EU83: =DK83 -> 0 | EV83: =CU83 -> 0 | EW83: =I83*CU83 -> 0 | EX83: =DR83 -> 0 | EZ83: =EW83-EX83 -> 0 | FA83: =+IF(EZ83/I83<0,0,(EZ83/I83)) -> #DIV/0!
I84: =IF(E84>0.0001,0,0) -> 0 | K84: =E84*60 -> 0 | AN84: =SUM(M84:AM84) -> 0 | AP84: =K84-AN84 -> 0 | CS84: =SUM(AU84:CR84) -> 0 | CU84: =AP84-CS84 -> 0 | CW84: =(SUM(M84:Z84))/K84 -> #DIV/0! | CX84: =(SUM(AA84:AM84))/K84 -> #DIV/0! | CY84: =(SUM(AU84:BQ84))/$K84 -> #DIV/0! | CZ84: =(SUM(BR84:CC84))/K84 -> #DIV/0! | DA84: =(SUM(CD84:CR84))/K84 -> #DIV/0! | DB84: =CU84/K84 -> #DIV/0! | DD84: =AP84 -> 0 | DE84: =CS84 -> 0 | DF84: =$DD84-DE84 -> 0 | DG84: =DF84/$DD84 -> #DIV/0! | DH84: =IF(AP84>0.01,1,0) -> 0 | DJ84: =H84 -> 0 | DK84: =I84 -> 0 | DL84: =DR84/DF84 -> #DIV/0! | DM84: =DL84/DK84 -> #DIV/0! | DN84: =IF(DM84>0.01,1,0) -> #DIV/0! | DR84: =DP84+DQ84 -> 0 | DS84: =IF(DL84=0,0,DP84/DR84) -> #DIV/0! | DT84: =IF(DS84>0.01,1,0) -> #DIV/0! | DV84: =DG84*DM84*DS84 -> #DIV/0! | DW84: =IF($AP84>0.01,1,0) -> 0 | DY84: =DP84 -> 0 | DZ84: =DK84 -> 0 | EA84: =+AP84 -> 0 | EB84: =DZ84*EA84 -> 0 | ED84: =DY84/EB84 -> #DIV/0! | EE84: =IF($AP84>0.01,1,0) -> 0 | EG84: =DP84 -> 0 | EH84: =K84 -> 0 | EI84: =SUM(M84:Z84) -> 0 | EJ84: =I84 -> 0 | EK84: =(EH84-EI84)*EJ84 -> 0 | EL84: =EG84/EK84 -> #DIV/0! | EM84: =IF(EK84>0.01,1,0) -> 0 | EO84: =EG84 -> 0 | EP84: =EJ84 -> 0 | EQ84: =EO84/(EP84*K84) -> #DIV/0! | ER84: =IF($K84>0.01,1,0) -> 0 | EU84: =DK84 -> 0 | EV84: =CU84 -> 0 | EW84: =I84*CU84 -> 0 | EX84: =DR84 -> 0 | EZ84: =EW84-EX84 -> 0 | FA84: =+IF(EZ84/I84<0,0,(EZ84/I84)) -> #DIV/0!
I85: =IF(E85>0.0001,0,0) -> 0 | K85: =E85*60 -> 0 | AN85: =SUM(M85:AM85) -> 0 | AP85: =K85-AN85 -> 0 | CS85: =SUM(AU85:CR85) -> 0 | CU85: =AP85-CS85 -> 0 | CW85: =(SUM(M85:Z85))/K85 -> #DIV/0! | CX85: =(SUM(AA85:AM85))/K85 -> #DIV/0! | CY85: =(SUM(AU85:BQ85))/$K85 -> #DIV/0! | CZ85: =(SUM(BR85:CC85))/K85 -> #DIV/0! | DA85: =(SUM(CD85:CR85))/K85 -> #DIV/0! | DB85: =CU85/K85 -> #DIV/0! | DD85: =AP85 -> 0 | DE85: =CS85 -> 0 | DF85: =$DD85-DE85 -> 0 | DG85: =DF85/$DD85 -> #DIV/0! | DH85: =IF(AP85>0.01,1,0) -> 0 | DJ85: =H85 -> 0 | DK85: =I85 -> 0 | DL85: =DR85/DF85 -> #DIV/0! | DM85: =DL85/DK85 -> #DIV/0! | DN85: =IF(DM85>0.01,1,0) -> #DIV/0! | DR85: =DP85+DQ85 -> 0 | DS85: =IF(DL85=0,0,DP85/DR85) -> #DIV/0! | DT85: =IF(DS85>0.01,1,0) -> #DIV/0! | DV85: =DG85*DM85*DS85 -> #DIV/0! | DW85: =IF($AP85>0.01,1,0) -> 0 | DY85: =DP85 -> 0 | DZ85: =DK85 -> 0 | EA85: =+AP85 -> 0 | EB85: =DZ85*EA85 -> 0 | ED85: =DY85/EB85 -> #DIV/0! | EE85: =IF($AP85>0.01,1,0) -> 0 | EG85: =DP85 -> 0 | EH85: =K85 -> 0 | EI85: =SUM(M85:Z85) -> 0 | EJ85: =I85 -> 0 | EK85: =(EH85-EI85)*EJ85 -> 0 | EL85: =EG85/EK85 -> #DIV/0! | EM85: =IF(EK85>0.01,1,0) -> 0 | EO85: =EG85 -> 0 | EP85: =EJ85 -> 0 | EQ85: =EO85/(EP85*K85) -> #DIV/0! | ER85: =IF($K85>0.01,1,0) -> 0 | EU85: =DK85 -> 0 | EV85: =CU85 -> 0 | EW85: =I85*CU85 -> 0 | EX85: =DR85 -> 0 | EZ85: =EW85-EX85 -> 0 | FA85: =+IF(EZ85/I85<0,0,(EZ85/I85)) -> #DIV/0!
I86: =IF(E86>0.0001,9.4,0) -> 0 | K86: =E86*60 -> 0 | AN86: =SUM(M86:AM86) -> 0 | AP86: =K86-AN86 -> 0 | CS86: =SUM(AU86:CR86) -> 0 | CU86: =AP86-CS86 -> 0 | CW86: =(SUM(M86:Z86))/K86 -> #DIV/0! | CX86: =(SUM(AA86:AM86))/K86 -> #DIV/0! | CY86: =(SUM(AU86:BQ86))/$K86 -> #DIV/0! | CZ86: =(SUM(BR86:CC86))/K86 -> #DIV/0! | DA86: =(SUM(CD86:CR86))/K86 -> #DIV/0! | DB86: =CU86/K86 -> #DIV/0! | DD86: =AP86 -> 0 | DE86: =CS86 -> 0 | DF86: =$DD86-DE86 -> 0 | DG86: =DF86/$DD86 -> #DIV/0! | DH86: =IF(AP86>0.01,1,0) -> 0 | DJ86: =H86 -> 0 | DK86: =I86 -> 0 | DL86: =DR86/DF86 -> #DIV/0! | DM86: =DL86/DK86 -> #DIV/0! | DN86: =IF(DM86>0.01,1,0) -> #DIV/0! | DR86: =DP86+DQ86 -> 0 | DS86: =IF(DL86=0,0,DP86/DR86) -> #DIV/0! | DT86: =IF(DS86>0.01,1,0) -> #DIV/0! | DV86: =DG86*DM86*DS86 -> #DIV/0! | DW86: =IF($AP86>0.01,1,0) -> 0 | DY86: =DP86 -> 0 | DZ86: =DK86 -> 0 | EA86: =+AP86 -> 0 | EB86: =DZ86*EA86 -> 0 | ED86: =DY86/EB86 -> #DIV/0! | EE86: =IF($AP86>0.01,1,0) -> 0 | EG86: =DP86 -> 0 | EH86: =K86 -> 0 | EI86: =SUM(M86:Z86) -> 0 | EJ86: =I86 -> 0 | EK86: =(EH86-EI86)*EJ86 -> 0 | EL86: =EG86/EK86 -> #DIV/0! | EM86: =IF(EK86>0.01,1,0) -> 0 | EO86: =EG86 -> 0 | EP86: =EJ86 -> 0 | EQ86: =EO86/(EP86*K86) -> #DIV/0! | ER86: =IF($K86>0.01,1,0) -> 0 | EU86: =DK86 -> 0 | EV86: =CU86 -> 0 | EW86: =I86*CU86 -> 0 | EX86: =DR86 -> 0 | EZ86: =EW86-EX86 -> 0 | FA86: =+IF(EZ86/I86<0,0,(EZ86/I86)) -> #DIV/0!
I87: =IF(E87>0.0001,0,0) -> 0 | K87: =E87*60 -> 0 | AN87: =SUM(M87:AM87) -> 0 | AP87: =K87-AN87 -> 0 | CS87: =SUM(AU87:CR87) -> 0 | CU87: =AP87-CS87 -> 0 | CW87: =(SUM(M87:Z87))/K87 -> #DIV/0! | CX87: =(SUM(AA87:AM87))/K87 -> #DIV/0! | CY87: =(SUM(AU87:BQ87))/$K87 -> #DIV/0! | CZ87: =(SUM(BR87:CC87))/K87 -> #DIV/0! | DA87: =(SUM(CD87:CR87))/K87 -> #DIV/0! | DB87: =CU87/K87 -> #DIV/0! | DD87: =AP87 -> 0 | DE87: =CS87 -> 0 | DF87: =$DD87-DE87 -> 0 | DG87: =DF87/$DD87 -> #DIV/0! | DH87: =IF(AP87>0.01,1,0) -> 0 | DJ87: =H87 -> 0 | DK87: =I87 -> 0 | DL87: =DR87/DF87 -> #DIV/0! | DM87: =DL87/DK87 -> #DIV/0! | DN87: =IF(DM87>0.01,1,0) -> #DIV/0! | DR87: =DP87+DQ87 -> 0 | DS87: =IF(DL87=0,0,DP87/DR87) -> #DIV/0! | DT87: =IF(DS87>0.01,1,0) -> #DIV/0! | DV87: =DG87*DM87*DS87 -> #DIV/0! | DW87: =IF($AP87>0.01,1,0) -> 0 | DY87: =DP87 -> 0 | DZ87: =DK87 -> 0 | EA87: =+AP87 -> 0 | EB87: =DZ87*EA87 -> 0 | ED87: =DY87/EB87 -> #DIV/0! | EE87: =IF($AP87>0.01,1,0) -> 0 | EG87: =DP87 -> 0 | EH87: =K87 -> 0 | EI87: =SUM(M87:Z87) -> 0 | EJ87: =I87 -> 0 | EK87: =(EH87-EI87)*EJ87 -> 0 | EL87: =EG87/EK87 -> #DIV/0! | EM87: =IF(EK87>0.01,1,0) -> 0 | EO87: =EG87 -> 0 | EP87: =EJ87 -> 0 | EQ87: =EO87/(EP87*K87) -> #DIV/0! | ER87: =IF($K87>0.01,1,0) -> 0 | EU87: =DK87 -> 0 | EV87: =CU87 -> 0 | EW87: =I87*CU87 -> 0 | EX87: =DR87 -> 0 | EZ87: =EW87-EX87 -> 0 | FA87: =+IF(EZ87/I87<0,0,(EZ87/I87)) -> #DIV/0!
I88: =IF(E88>0.0001,0,0) -> 0 | K88: =E88*60 -> 0 | AN88: =SUM(M88:AM88) -> 0 | AP88: =K88-AN88 -> 0 | CS88: =SUM(AU88:CR88) -> 0 | CU88: =AP88-CS88 -> 0 | CW88: =(SUM(M88:Z88))/K88 -> #DIV/0! | CX88: =(SUM(AA88:AM88))/K88 -> #DIV/0! | CY88: =(SUM(AU88:BQ88))/$K88 -> #DIV/0! | CZ88: =(SUM(BR88:CC88))/K88 -> #DIV/0! | DA88: =(SUM(CD88:CR88))/K88 -> #DIV/0! | DB88: =CU88/K88 -> #DIV/0! | DD88: =AP88 -> 0 | DE88: =CS88 -> 0 | DF88: =$DD88-DE88 -> 0 | DG88: =DF88/$DD88 -> #DIV/0! | DH88: =IF(AP88>0.01,1,0) -> 0 | DJ88: =H88 -> 0 | DK88: =I88 -> 0 | DL88: =DR88/DF88 -> #DIV/0! | DM88: =DL88/DK88 -> #DIV/0! | DN88: =IF(DM88>0.01,1,0) -> #DIV/0! | DR88: =DP88+DQ88 -> 0 | DS88: =IF(DL88=0,0,DP88/DR88) -> #DIV/0! | DT88: =IF(DS88>0.01,1,0) -> #DIV/0! | DV88: =DG88*DM88*DS88 -> #DIV/0! | DW88: =IF($AP88>0.01,1,0) -> 0 | DY88: =DP88 -> 0 | DZ88: =DK88 -> 0 | EA88: =+AP88 -> 0 | EB88: =DZ88*EA88 -> 0 | ED88: =DY88/EB88 -> #DIV/0! | EE88: =IF($AP88>0.01,1,0) -> 0 | EG88: =DP88 -> 0 | EH88: =K88 -> 0 | EI88: =SUM(M88:Z88) -> 0 | EJ88: =I88 -> 0 | EK88: =(EH88-EI88)*EJ88 -> 0 | EL88: =EG88/EK88 -> #DIV/0! | EM88: =IF(EK88>0.01,1,0) -> 0 | EO88: =EG88 -> 0 | EP88: =EJ88 -> 0 | EQ88: =EO88/(EP88*K88) -> #DIV/0! | ER88: =IF($K88>0.01,1,0) -> 0 | EU88: =DK88 -> 0 | EV88: =CU88 -> 0 | EW88: =I88*CU88 -> 0 | EX88: =DR88 -> 0 | EZ88: =EW88-EX88 -> 0 | FA88: =+IF(EZ88/I88<0,0,(EZ88/I88)) -> #DIV/0!
I89: =IF(E89>0.0001,9.4,0) -> 0 | K89: =E89*60 -> 0 | AN89: =SUM(M89:AM89) -> 0 | AP89: =K89-AN89 -> 0 | CS89: =SUM(AU89:CR89) -> 0 | CU89: =AP89-CS89 -> 0 | CW89: =(SUM(M89:Z89))/K89 -> #DIV/0! | CX89: =(SUM(AA89:AM89))/K89 -> #DIV/0! | CY89: =(SUM(AU89:BQ89))/$K89 -> #DIV/0! | CZ89: =(SUM(BR89:CC89))/K89 -> #DIV/0! | DA89: =(SUM(CD89:CR89))/K89 -> #DIV/0! | DB89: =CU89/K89 -> #DIV/0! | DD89: =AP89 -> 0 | DE89: =CS89 -> 0 | DF89: =$DD89-DE89 -> 0 | DG89: =DF89/$DD89 -> #DIV/0! | DH89: =IF(AP89>0.01,1,0) -> 0 | DJ89: =H89 -> 0 | DK89: =I89 -> 0 | DL89: =DR89/DF89 -> #DIV/0! | DM89: =DL89/DK89 -> #DIV/0! | DN89: =IF(DM89>0.01,1,0) -> #DIV/0! | DR89: =DP89+DQ89 -> 0 | DS89: =IF(DL89=0,0,DP89/DR89) -> #DIV/0! | DT89: =IF(DS89>0.01,1,0) -> #DIV/0! | DV89: =DG89*DM89*DS89 -> #DIV/0! | DW89: =IF($AP89>0.01,1,0) -> 0 | DY89: =DP89 -> 0 | DZ89: =DK89 -> 0 | EA89: =+AP89 -> 0 | EB89: =DZ89*EA89 -> 0 | ED89: =DY89/EB89 -> #DIV/0! | EE89: =IF($AP89>0.01,1,0) -> 0 | EG89: =DP89 -> 0 | EH89: =K89 -> 0 | EI89: =SUM(M89:Z89) -> 0 | EJ89: =I89 -> 0 | EK89: =(EH89-EI89)*EJ89 -> 0 | EL89: =EG89/EK89 -> #DIV/0! | EM89: =IF(EK89>0.01,1,0) -> 0 | EO89: =EG89 -> 0 | EP89: =EJ89 -> 0 | EQ89: =EO89/(EP89*K89) -> #DIV/0! | ER89: =IF($K89>0.01,1,0) -> 0 | EU89: =DK89 -> 0 | EV89: =CU89 -> 0 | EW89: =I89*CU89 -> 0 | EX89: =DR89 -> 0 | EZ89: =EW89-EX89 -> 0 | FA89: =+IF(EZ89/I89<0,0,(EZ89/I89)) -> #DIV/0!
I90: =IF(E90>0.0001,0,0) -> 0 | K90: =E90*60 -> 0 | AN90: =SUM(M90:AM90) -> 0 | AP90: =K90-AN90 -> 0 | CS90: =SUM(AU90:CR90) -> 0 | CU90: =AP90-CS90 -> 0 | CW90: =(SUM(M90:Z90))/K90 -> #DIV/0! | CX90: =(SUM(AA90:AM90))/K90 -> #DIV/0! | CY90: =(SUM(AU90:BQ90))/$K90 -> #DIV/0! | CZ90: =(SUM(BR90:CC90))/K90 -> #DIV/0! | DA90: =(SUM(CD90:CR90))/K90 -> #DIV/0! | DB90: =CU90/K90 -> #DIV/0! | DD90: =AP90 -> 0 | DE90: =CS90 -> 0 | DF90: =$DD90-DE90 -> 0 | DG90: =DF90/$DD90 -> #DIV/0! | DH90: =IF(AP90>0.01,1,0) -> 0 | DJ90: =H90 -> 0 | DK90: =I90 -> 0 | DL90: =DR90/DF90 -> #DIV/0! | DM90: =DL90/DK90 -> #DIV/0! | DN90: =IF(DM90>0.01,1,0) -> #DIV/0! | DR90: =DP90+DQ90 -> 0 | DS90: =IF(DL90=0,0,DP90/DR90) -> #DIV/0! | DT90: =IF(DS90>0.01,1,0) -> #DIV/0! | DV90: =DG90*DM90*DS90 -> #DIV/0! | DW90: =IF($AP90>0.01,1,0) -> 0 | DY90: =DP90 -> 0 | DZ90: =DK90 -> 0 | EA90: =+AP90 -> 0 | EB90: =DZ90*EA90 -> 0 | ED90: =DY90/EB90 -> #DIV/0! | EE90: =IF($AP90>0.01,1,0) -> 0 | EG90: =DP90 -> 0 | EH90: =K90 -> 0 | EI90: =SUM(M90:Z90) -> 0 | EJ90: =I90 -> 0 | EK90: =(EH90-EI90)*EJ90 -> 0 | EL90: =EG90/EK90 -> #DIV/0! | EM90: =IF(EK90>0.01,1,0) -> 0 | EO90: =EG90 -> 0 | EP90: =EJ90 -> 0 | EQ90: =EO90/(EP90*K90) -> #DIV/0! | ER90: =IF($K90>0.01,1,0) -> 0 | EU90: =DK90 -> 0 | EV90: =CU90 -> 0 | EW90: =I90*CU90 -> 0 | EX90: =DR90 -> 0 | EZ90: =EW90-EX90 -> 0 | FA90: =+IF(EZ90/I90<0,0,(EZ90/I90)) -> #DIV/0!
I91: =IF(E91>0.0001,0,0) -> 0 | K91: =E91*60 -> 0 | AN91: =SUM(M91:AM91) -> 0 | AP91: =K91-AN91 -> 0 | CS91: =SUM(AU91:CR91) -> 0 | CU91: =AP91-CS91 -> 0 | CW91: =(SUM(M91:Z91))/K91 -> #DIV/0! | CX91: =(SUM(AA91:AM91))/K91 -> #DIV/0! | CY91: =(SUM(AU91:BQ91))/$K91 -> #DIV/0! | CZ91: =(SUM(BR91:CC91))/K91 -> #DIV/0! | DA91: =(SUM(CD91:CR91))/K91 -> #DIV/0! | DB91: =CU91/K91 -> #DIV/0! | DD91: =AP91 -> 0 | DE91: =CS91 -> 0 | DF91: =$DD91-DE91 -> 0 | DG91: =DF91/$DD91 -> #DIV/0! | DH91: =IF(AP91>0.01,1,0) -> 0 | DJ91: =H91 -> 0 | DK91: =I91 -> 0 | DL91: =DR91/DF91 -> #DIV/0! | DM91: =DL91/DK91 -> #DIV/0! | DN91: =IF(DM91>0.01,1,0) -> #DIV/0! | DR91: =DP91+DQ91 -> 0 | DS91: =IF(DL91=0,0,DP91/DR91) -> #DIV/0! | DT91: =IF(DS91>0.01,1,0) -> #DIV/0! | DV91: =DG91*DM91*DS91 -> #DIV/0! | DW91: =IF($AP91>0.01,1,0) -> 0 | DY91: =DP91 -> 0 | DZ91: =DK91 -> 0 | EA91: =+AP91 -> 0 | EB91: =DZ91*EA91 -> 0 | ED91: =DY91/EB91 -> #DIV/0! | EE91: =IF($AP91>0.01,1,0) -> 0 | EG91: =DP91 -> 0 | EH91: =K91 -> 0 | EI91: =SUM(M91:Z91) -> 0 | EJ91: =I91 -> 0 | EK91: =(EH91-EI91)*EJ91 -> 0 | EL91: =EG91/EK91 -> #DIV/0! | EM91: =IF(EK91>0.01,1,0) -> 0 | EO91: =EG91 -> 0 | EP91: =EJ91 -> 0 | EQ91: =EO91/(EP91*K91) -> #DIV/0! | ER91: =IF($K91>0.01,1,0) -> 0 | EU91: =DK91 -> 0 | EV91: =CU91 -> 0 | EW91: =I91*CU91 -> 0 | EX91: =DR91 -> 0 | EZ91: =EW91-EX91 -> 0 | FA91: =+IF(EZ91/I91<0,0,(EZ91/I91)) -> #DIV/0!
I92: =IF(E92>0.0001,9.4,0) -> 0 | K92: =E92*60 -> 0 | AN92: =SUM(M92:AM92) -> 0 | AP92: =K92-AN92 -> 0 | CS92: =SUM(AU92:CR92) -> 0 | CU92: =AP92-CS92 -> 0 | CW92: =(SUM(M92:Z92))/K92 -> #DIV/0! | CX92: =(SUM(AA92:AM92))/K92 -> #DIV/0! | CY92: =(SUM(AU92:BQ92))/$K92 -> #DIV/0! | CZ92: =(SUM(BR92:CC92))/K92 -> #DIV/0! | DA92: =(SUM(CD92:CR92))/K92 -> #DIV/0! | DB92: =CU92/K92 -> #DIV/0! | DD92: =AP92 -> 0 | DE92: =CS92 -> 0 | DF92: =$DD92-DE92 -> 0 | DG92: =DF92/$DD92 -> #DIV/0! | DH92: =IF(AP92>0.01,1,0) -> 0 | DJ92: =H92 -> 0 | DK92: =I92 -> 0 | DL92: =DR92/DF92 -> #DIV/0! | DM92: =DL92/DK92 -> #DIV/0! | DN92: =IF(DM92>0.01,1,0) -> #DIV/0! | DR92: =DP92+DQ92 -> 0 | DS92: =IF(DL92=0,0,DP92/DR92) -> #DIV/0! | DT92: =IF(DS92>0.01,1,0) -> #DIV/0! | DV92: =DG92*DM92*DS92 -> #DIV/0! | DW92: =IF($AP92>0.01,1,0) -> 0 | DY92: =DP92 -> 0 | DZ92: =DK92 -> 0 | EA92: =+AP92 -> 0 | EB92: =DZ92*EA92 -> 0 | ED92: =DY92/EB92 -> #DIV/0! | EE92: =IF($AP92>0.01,1,0) -> 0 | EG92: =DP92 -> 0 | EH92: =K92 -> 0 | EI92: =SUM(M92:Z92) -> 0 | EJ92: =I92 -> 0 | EK92: =(EH92-EI92)*EJ92 -> 0 | EL92: =EG92/EK92 -> #DIV/0! | EM92: =IF(EK92>0.01,1,0) -> 0 | EO92: =EG92 -> 0 | EP92: =EJ92 -> 0 | EQ92: =EO92/(EP92*K92) -> #DIV/0! | ER92: =IF($K92>0.01,1,0) -> 0 | EU92: =DK92 -> 0 | EV92: =CU92 -> 0 | EW92: =I92*CU92 -> 0 | EX92: =DR92 -> 0 | EZ92: =EW92-EX92 -> 0 | FA92: =+IF(EZ92/I92<0,0,(EZ92/I92)) -> #DIV/0!
I93: =IF(E93>0.0001,0,0) -> 0 | K93: =E93*60 -> 0 | AN93: =SUM(M93:AM93) -> 0 | AP93: =K93-AN93 -> 0 | CS93: =SUM(AU93:CR93) -> 0 | CU93: =AP93-CS93 -> 0 | CW93: =(SUM(M93:Z93))/K93 -> #DIV/0! | CX93: =(SUM(AA93:AM93))/K93 -> #DIV/0! | CY93: =(SUM(AU93:BQ93))/$K93 -> #DIV/0! | CZ93: =(SUM(BR93:CC93))/K93 -> #DIV/0! | DA93: =(SUM(CD93:CR93))/K93 -> #DIV/0! | DB93: =CU93/K93 -> #DIV/0! | DD93: =AP93 -> 0 | DE93: =CS93 -> 0 | DF93: =$DD93-DE93 -> 0 | DG93: =DF93/$DD93 -> #DIV/0! | DH93: =IF(AP93>0.01,1,0) -> 0 | DJ93: =H93 -> 0 | DK93: =I93 -> 0 | DL93: =DR93/DF93 -> #DIV/0! | DM93: =DL93/DK93 -> #DIV/0! | DN93: =IF(DM93>0.01,1,0) -> #DIV/0! | DR93: =DP93+DQ93 -> 0 | DS93: =IF(DL93=0,0,DP93/DR93) -> #DIV/0! | DT93: =IF(DS93>0.01,1,0) -> #DIV/0! | DV93: =DG93*DM93*DS93 -> #DIV/0! | DW93: =IF($AP93>0.01,1,0) -> 0 | DY93: =DP93 -> 0 | DZ93: =DK93 -> 0 | EA93: =+AP93 -> 0 | EB93: =DZ93*EA93 -> 0 | ED93: =DY93/EB93 -> #DIV/0! | EE93: =IF($AP93>0.01,1,0) -> 0 | EG93: =DP93 -> 0 | EH93: =K93 -> 0 | EI93: =SUM(M93:Z93) -> 0 | EJ93: =I93 -> 0 | EK93: =(EH93-EI93)*EJ93 -> 0 | EL93: =EG93/EK93 -> #DIV/0! | EM93: =IF(EK93>0.01,1,0) -> 0 | EO93: =EG93 -> 0 | EP93: =EJ93 -> 0 | EQ93: =EO93/(EP93*K93) -> #DIV/0! | ER93: =IF($K93>0.01,1,0) -> 0 | EU93: =DK93 -> 0 | EV93: =CU93 -> 0 | EW93: =I93*CU93 -> 0 | EX93: =DR93 -> 0 | EZ93: =EW93-EX93 -> 0 | FA93: =+IF(EZ93/I93<0,0,(EZ93/I93)) -> #DIV/0!
I94: =IF(E94>0.0001,0,0) -> 0 | K94: =E94*60 -> 0 | AN94: =SUM(M94:AM94) -> 0 | AP94: =K94-AN94 -> 0 | CS94: =SUM(AU94:CR94) -> 0 | CU94: =AP94-CS94 -> 0 | CW94: =(SUM(M94:Z94))/K94 -> #DIV/0! | CX94: =(SUM(AA94:AM94))/K94 -> #DIV/0! | CY94: =(SUM(AU94:BQ94))/$K94 -> #DIV/0! | CZ94: =(SUM(BR94:CC94))/K94 -> #DIV/0! | DA94: =(SUM(CD94:CR94))/K94 -> #DIV/0! | DB94: =CU94/K94 -> #DIV/0! | DD94: =AP94 -> 0 | DE94: =CS94 -> 0 | DF94: =$DD94-DE94 -> 0 | DG94: =DF94/$DD94 -> #DIV/0! | DH94: =IF(AP94>0.01,1,0) -> 0 | DJ94: =H94 -> 0 | DK94: =I94 -> 0 | DL94: =DR94/DF94 -> #DIV/0! | DM94: =DL94/DK94 -> #DIV/0! | DN94: =IF(DM94>0.01,1,0) -> #DIV/0! | DR94: =DP94+DQ94 -> 0 | DS94: =IF(DL94=0,0,DP94/DR94) -> #DIV/0! | DT94: =IF(DS94>0.01,1,0) -> #DIV/0! | DV94: =DG94*DM94*DS94 -> #DIV/0! | DW94: =IF($AP94>0.01,1,0) -> 0 | DY94: =DP94 -> 0 | DZ94: =DK94 -> 0 | EA94: =+AP94 -> 0 | EB94: =DZ94*EA94 -> 0 | ED94: =DY94/EB94 -> #DIV/0! | EE94: =IF($AP94>0.01,1,0) -> 0 | EG94: =DP94 -> 0 | EH94: =K94 -> 0 | EI94: =SUM(M94:Z94) -> 0 | EJ94: =I94 -> 0 | EK94: =(EH94-EI94)*EJ94 -> 0 | EL94: =EG94/EK94 -> #DIV/0! | EM94: =IF(EK94>0.01,1,0) -> 0 | EO94: =EG94 -> 0 | EP94: =EJ94 -> 0 | EQ94: =EO94/(EP94*K94) -> #DIV/0! | ER94: =IF($K94>0.01,1,0) -> 0 | EU94: =DK94 -> 0 | EV94: =CU94 -> 0 | EW94: =I94*CU94 -> 0 | EX94: =DR94 -> 0 | EZ94: =EW94-EX94 -> 0 | FA94: =+IF(EZ94/I94<0,0,(EZ94/I94)) -> #DIV/0!
I95: =IF(E95>0.0001,9.4,0) -> 0 | K95: =E95*60 -> 0 | AN95: =SUM(M95:AM95) -> 0 | AP95: =K95-AN95 -> 0 | CS95: =SUM(AU95:CR95) -> 0 | CU95: =AP95-CS95 -> 0 | CW95: =(SUM(M95:Z95))/K95 -> #DIV/0! | CX95: =(SUM(AA95:AM95))/K95 -> #DIV/0! | CY95: =(SUM(AU95:BQ95))/$K95 -> #DIV/0! | CZ95: =(SUM(BR95:CC95))/K95 -> #DIV/0! | DA95: =(SUM(CD95:CR95))/K95 -> #DIV/0! | DB95: =CU95/K95 -> #DIV/0! | DD95: =AP95 -> 0 | DE95: =CS95 -> 0 | DF95: =$DD95-DE95 -> 0 | DG95: =DF95/$DD95 -> #DIV/0! | DH95: =IF(AP95>0.01,1,0) -> 0 | DJ95: =H95 -> 0 | DK95: =I95 -> 0 | DL95: =DR95/DF95 -> #DIV/0! | DM95: =DL95/DK95 -> #DIV/0! | DN95: =IF(DM95>0.01,1,0) -> #DIV/0! | DR95: =DP95+DQ95 -> 0 | DS95: =IF(DL95=0,0,DP95/DR95) -> #DIV/0! | DT95: =IF(DS95>0.01,1,0) -> #DIV/0! | DV95: =DG95*DM95*DS95 -> #DIV/0! | DW95: =IF($AP95>0.01,1,0) -> 0 | DY95: =DP95 -> 0 | DZ95: =DK95 -> 0 | EA95: =+AP95 -> 0 | EB95: =DZ95*EA95 -> 0 | ED95: =DY95/EB95 -> #DIV/0! | EE95: =IF($AP95>0.01,1,0) -> 0 | EG95: =DP95 -> 0 | EH95: =K95 -> 0 | EI95: =SUM(M95:Z95) -> 0 | EJ95: =I95 -> 0 | EK95: =(EH95-EI95)*EJ95 -> 0 | EL95: =EG95/EK95 -> #DIV/0! | EM95: =IF(EK95>0.01,1,0) -> 0 | EO95: =EG95 -> 0 | EP95: =EJ95 -> 0 | EQ95: =EO95/(EP95*K95) -> #DIV/0! | ER95: =IF($K95>0.01,1,0) -> 0 | EU95: =DK95 -> 0 | EV95: =CU95 -> 0 | EW95: =I95*CU95 -> 0 | EX95: =DR95 -> 0 | EZ95: =EW95-EX95 -> 0 | FA95: =+IF(EZ95/I95<0,0,(EZ95/I95)) -> #DIV/0!
I96: =IF(E96>0.0001,0,0) -> 0 | K96: =E96*60 -> 0 | AN96: =SUM(M96:AM96) -> 0 | AP96: =K96-AN96 -> 0 | CS96: =SUM(AU96:CR96) -> 0 | CU96: =AP96-CS96 -> 0 | CW96: =(SUM(M96:Z96))/K96 -> #DIV/0! | CX96: =(SUM(AA96:AM96))/K96 -> #DIV/0! | CY96: =(SUM(AU96:BQ96))/$K96 -> #DIV/0! | CZ96: =(SUM(BR96:CC96))/K96 -> #DIV/0! | DA96: =(SUM(CD96:CR96))/K96 -> #DIV/0! | DB96: =CU96/K96 -> #DIV/0! | DD96: =AP96 -> 0 | DE96: =CS96 -> 0 | DF96: =$DD96-DE96 -> 0 | DG96: =DF96/$DD96 -> #DIV/0! | DH96: =IF(AP96>0.01,1,0) -> 0 | DJ96: =H96 -> 0 | DK96: =I96 -> 0 | DL96: =DR96/DF96 -> #DIV/0! | DM96: =DL96/DK96 -> #DIV/0! | DN96: =IF(DM96>0.01,1,0) -> #DIV/0! | DR96: =DP96+DQ96 -> 0 | DS96: =IF(DL96=0,0,DP96/DR96) -> #DIV/0! | DT96: =IF(DS96>0.01,1,0) -> #DIV/0! | DV96: =DG96*DM96*DS96 -> #DIV/0! | DW96: =IF($AP96>0.01,1,0) -> 0 | DY96: =DP96 -> 0 | DZ96: =DK96 -> 0 | EA96: =+AP96 -> 0 | EB96: =DZ96*EA96 -> 0 | ED96: =DY96/EB96 -> #DIV/0! | EE96: =IF($AP96>0.01,1,0) -> 0 | EG96: =DP96 -> 0 | EH96: =K96 -> 0 | EI96: =SUM(M96:Z96) -> 0 | EJ96: =I96 -> 0 | EK96: =(EH96-EI96)*EJ96 -> 0 | EL96: =EG96/EK96 -> #DIV/0! | EM96: =IF(EK96>0.01,1,0) -> 0 | EO96: =EG96 -> 0 | EP96: =EJ96 -> 0 | EQ96: =EO96/(EP96*K96) -> #DIV/0! | ER96: =IF($K96>0.01,1,0) -> 0 | EU96: =DK96 -> 0 | EV96: =CU96 -> 0 | EW96: =I96*CU96 -> 0 | EX96: =DR96 -> 0 | EZ96: =EW96-EX96 -> 0 | FA96: =+IF(EZ96/I96<0,0,(EZ96/I96)) -> #DIV/0!
I97: =IF(E97>0.0001,0,0) -> 0 | K97: =E97*60 -> 0 | AN97: =SUM(M97:AM97) -> 0 | AP97: =K97-AN97 -> 0 | CS97: =SUM(AU97:CR97) -> 0 | CU97: =AP97-CS97 -> 0 | CW97: =(SUM(M97:Z97))/K97 -> #DIV/0! | CX97: =(SUM(AA97:AM97))/K97 -> #DIV/0! | CY97: =(SUM(AU97:BQ97))/$K97 -> #DIV/0! | CZ97: =(SUM(BR97:CC97))/K97 -> #DIV/0! | DA97: =(SUM(CD97:CR97))/K97 -> #DIV/0! | DB97: =CU97/K97 -> #DIV/0! | DD97: =AP97 -> 0 | DE97: =CS97 -> 0 | DF97: =$DD97-DE97 -> 0 | DG97: =DF97/$DD97 -> #DIV/0! | DH97: =IF(AP97>0.01,1,0) -> 0 | DJ97: =H97 -> 0 | DK97: =I97 -> 0 | DL97: =DR97/DF97 -> #DIV/0! | DM97: =DL97/DK97 -> #DIV/0! | DN97: =IF(DM97>0.01,1,0) -> #DIV/0! | DR97: =DP97+DQ97 -> 0 | DS97: =IF(DL97=0,0,DP97/DR97) -> #DIV/0! | DT97: =IF(DS97>0.01,1,0) -> #DIV/0! | DV97: =DG97*DM97*DS97 -> #DIV/0! | DW97: =IF($AP97>0.01,1,0) -> 0 | DY97: =DP97 -> 0 | DZ97: =DK97 -> 0 | EA97: =+AP97 -> 0 | EB97: =DZ97*EA97 -> 0 | ED97: =DY97/EB97 -> #DIV/0! | EE97: =IF($AP97>0.01,1,0) -> 0 | EG97: =DP97 -> 0 | EH97: =K97 -> 0 | EI97: =SUM(M97:Z97) -> 0 | EJ97: =I97 -> 0 | EK97: =(EH97-EI97)*EJ97 -> 0 | EL97: =EG97/EK97 -> #DIV/0! | EM97: =IF(EK97>0.01,1,0) -> 0 | EO97: =EG97 -> 0 | EP97: =EJ97 -> 0 | EQ97: =EO97/(EP97*K97) -> #DIV/0! | ER97: =IF($K97>0.01,1,0) -> 0 | EU97: =DK97 -> 0 | EV97: =CU97 -> 0 | EW97: =I97*CU97 -> 0 | EX97: =DR97 -> 0 | EZ97: =EW97-EX97 -> 0 | FA97: =+IF(EZ97/I97<0,0,(EZ97/I97)) -> #DIV/0!
B98: 44863 | I98: =IF(E98>0.0001,0,0) -> 0 | K98: =E98*60 -> 0 | AN98: =SUM(M98:AM98) -> 0 | AP98: =K98-AN98 -> 0 | CS98: =SUM(AU98:CR98) -> 0 | CU98: =AP98-CS98 -> 0 | CW98: =(SUM(M98:Z98))/K98 -> #DIV/0! | CX98: =(SUM(AA98:AM98))/K98 -> #DIV/0! | CY98: =(SUM(AU98:BQ98))/$K98 -> #DIV/0! | CZ98: =(SUM(BR98:CC98))/K98 -> #DIV/0! | DA98: =(SUM(CD98:CR98))/K98 -> #DIV/0! | DB98: =CU98/K98 -> #DIV/0! | DD98: =AP98 -> 0 | DE98: =CS98 -> 0 | DF98: =$DD98-DE98 -> 0 | DG98: =DF98/$DD98 -> #DIV/0! | DH98: =IF(AP98>0.01,1,0) -> 0 | DJ98: =H98 -> 0 | DK98: =I98 -> 0 | DL98: =DR98/DF98 -> #DIV/0! | DM98: =DL98/DK98 -> #DIV/0! | DN98: =IF(DM98>0.01,1,0) -> #DIV/0! | DR98: =DP98+DQ98 -> 0 | DS98: =IF(DL98=0,0,DP98/DR98) -> #DIV/0! | DT98: =IF(DS98>0.01,1,0) -> #DIV/0! | DV98: =DG98*DM98*DS98 -> #DIV/0! | DW98: =IF($AP98>0.01,1,0) -> 0 | DY98: =DP98 -> 0 | DZ98: =DK98 -> 0 | EA98: =+AP98 -> 0 | EB98: =DZ98*EA98 -> 0 | ED98: =DY98/EB98 -> #DIV/0! | EE98: =IF($AP98>0.01,1,0) -> 0 | EG98: =DP98 -> 0 | EH98: =K98 -> 0 | EI98: =SUM(M98:Z98) -> 0 | EJ98: =I98 -> 0 | EK98: =(EH98-EI98)*EJ98 -> 0 | EL98: =EG98/EK98 -> #DIV/0! | EM98: =IF(EK98>0.01,1,0) -> 0 | EO98: =EG98 -> 0 | EP98: =EJ98 -> 0 | EQ98: =EO98/(EP98*K98) -> #DIV/0! | ER98: =IF($K98>0.01,1,0) -> 0 | EU98: =DK98 -> 0 | EV98: =CU98 -> 0 | EW98: =I98*CU98 -> 0 | EX98: =DR98 -> 0 | EZ98: =EW98-EX98 -> 0 | FA98: =+IF(EZ98/I98<0,0,(EZ98/I98)) -> #DIV/0!
I99: =IF(E99>0.0001,0,0) -> 0 | K99: =E99*60 -> 0 | AN99: =SUM(M99:AM99) -> 0 | AP99: =K99-AN99 -> 0 | CS99: =SUM(AU99:CR99) -> 0 | CU99: =AP99-CS99 -> 0 | CW99: =(SUM(M99:Z99))/K99 -> #DIV/0! | CX99: =(SUM(AA99:AM99))/K99 -> #DIV/0! | CY99: =(SUM(AU99:BQ99))/$K99 -> #DIV/0! | CZ99: =(SUM(BR99:CC99))/K99 -> #DIV/0! | DA99: =(SUM(CD99:CR99))/K99 -> #DIV/0! | DB99: =CU99/K99 -> #DIV/0! | DD99: =AP99 -> 0 | DE99: =CS99 -> 0 | DF99: =$DD99-DE99 -> 0 | DG99: =DF99/$DD99 -> #DIV/0! | DH99: =IF(AP99>0.01,1,0) -> 0 | DJ99: =H99 -> 0 | DK99: =I99 -> 0 | DL99: =DR99/DF99 -> #DIV/0! | DM99: =DL99/DK99 -> #DIV/0! | DN99: =IF(DM99>0.01,1,0) -> #DIV/0! | DR99: =DP99+DQ99 -> 0 | DS99: =IF(DL99=0,0,DP99/DR99) -> #DIV/0! | DT99: =IF(DS99>0.01,1,0) -> #DIV/0! | DV99: =DG99*DM99*DS99 -> #DIV/0! | DW99: =IF($AP99>0.01,1,0) -> 0 | DY99: =DP99 -> 0 | DZ99: =DK99 -> 0 | EA99: =+AP99 -> 0 | EB99: =DZ99*EA99 -> 0 | ED99: =DY99/EB99 -> #DIV/0! | EE99: =IF($AP99>0.01,1,0) -> 0 | EG99: =DP99 -> 0 | EH99: =K99 -> 0 | EI99: =SUM(M99:Z99) -> 0 | EJ99: =I99 -> 0 | EK99: =(EH99-EI99)*EJ99 -> 0 | EL99: =EG99/EK99 -> #DIV/0! | EM99: =IF(EK99>0.01,1,0) -> 0 | EO99: =EG99 -> 0 | EP99: =EJ99 -> 0 | EQ99: =EO99/(EP99*K99) -> #DIV/0! | ER99: =IF($K99>0.01,1,0) -> 0 | EU99: =DK99 -> 0 | EV99: =CU99 -> 0 | EW99: =I99*CU99 -> 0 | EX99: =DR99 -> 0 | EZ99: =EW99-EX99 -> 0 | FA99: =+IF(EZ99/I99<0,0,(EZ99/I99)) -> #DIV/0!
I100: =IF(E100>0.0001,0,0) -> 0 | K100: =E100*60 -> 0 | AN100: =SUM(M100:AM100) -> 0 | AP100: =K100-AN100 -> 0 | CS100: =SUM(AU100:CR100) -> 0 | CU100: =AP100-CS100 -> 0 | CW100: =(SUM(M100:Z100))/K100 -> #DIV/0! | CX100: =(SUM(AA100:AM100))/K100 -> #DIV/0! | CY100: =(SUM(AU100:BQ100))/$K100 -> #DIV/0! | CZ100: =(SUM(BR100:CC100))/K100 -> #DIV/0! | DA100: =(SUM(CD100:CR100))/K100 -> #DIV/0! | DB100: =CU100/K100 -> #DIV/0! | DD100: =AP100 -> 0 | DE100: =CS100 -> 0 | DF100: =$DD100-DE100 -> 0 | DG100: =DF100/$DD100 -> #DIV/0! | DH100: =IF(AP100>0.01,1,0) -> 0 | DJ100: =H100 -> 0 | DK100: =I100 -> 0 | DL100: =DR100/DF100 -> #DIV/0! | DM100: =DL100/DK100 -> #DIV/0! | DN100: =IF(DM100>0.01,1,0) -> #DIV/0! | DR100: =DP100+DQ100 -> 0 | DS100: =IF(DL100=0,0,DP100/DR100) -> #DIV/0! | DT100: =IF(DS100>0.01,1,0) -> #DIV/0! | DV100: =DG100*DM100*DS100 -> #DIV/0! | DW100: =IF($AP100>0.01,1,0) -> 0 | DY100: =DP100 -> 0 | DZ100: =DK100 -> 0 | EA100: =+AP100 -> 0 | EB100: =DZ100*EA100 -> 0 | ED100: =DY100/EB100 -> #DIV/0! | EE100: =IF($AP100>0.01,1,0) -> 0 | EG100: =DP100 -> 0 | EH100: =K100 -> 0 | EI100: =SUM(M100:Z100) -> 0 | EJ100: =I100 -> 0 | EK100: =(EH100-EI100)*EJ100 -> 0 | EL100: =EG100/EK100 -> #DIV/0! | EM100: =IF(EK100>0.01,1,0) -> 0 | EO100: =EG100 -> 0 | EP100: =EJ100 -> 0 | EQ100: =EO100/(EP100*K100) -> #DIV/0! | ER100: =IF($K100>0.01,1,0) -> 0 | EU100: =DK100 -> 0 | EV100: =CU100 -> 0 | EW100: =I100*CU100 -> 0 | EX100: =DR100 -> 0 | EZ100: =EW100-EX100 -> 0 | FA100: =+IF(EZ100/I100<0,0,(EZ100/I100)) -> #DIV/0!
B101: 44864 | I101: =IF(E101>0.0001,0,0) -> 0 | K101: =E101*60 -> 0 | AN101: =SUM(M101:AM101) -> 0 | AP101: =K101-AN101 -> 0 | CS101: =SUM(AU101:CR101) -> 0 | CU101: =AP101-CS101 -> 0 | CW101: =(SUM(M101:Z101))/K101 -> #DIV/0! | CX101: =(SUM(AA101:AM101))/K101 -> #DIV/0! | CY101: =(SUM(AU101:BQ101))/$K101 -> #DIV/0! | CZ101: =(SUM(BR101:CC101))/K101 -> #DIV/0! | DA101: =(SUM(CD101:CR101))/K101 -> #DIV/0! | DB101: =CU101/K101 -> #DIV/0! | DD101: =AP101 -> 0 | DE101: =CS101 -> 0 | DF101: =$DD101-DE101 -> 0 | DG101: =DF101/$DD101 -> #DIV/0! | DH101: =IF(AP101>0.01,1,0) -> 0 | DJ101: =H101 -> 0 | DK101: =I101 -> 0 | DL101: =DR101/DF101 -> #DIV/0! | DM101: =DL101/DK101 -> #DIV/0! | DN101: =IF(DM101>0.01,1,0) -> #DIV/0! | DR101: =DP101+DQ101 -> 0 | DS101: =IF(DL101=0,0,DP101/DR101) -> #DIV/0! | DT101: =IF(DS101>0.01,1,0) -> #DIV/0! | DV101: =DG101*DM101*DS101 -> #DIV/0! | DW101: =IF($AP101>0.01,1,0) -> 0 | DY101: =DP101 -> 0 | DZ101: =DK101 -> 0 | EA101: =+AP101 -> 0 | EB101: =DZ101*EA101 -> 0 | ED101: =DY101/EB101 -> #DIV/0! | EE101: =IF($AP101>0.01,1,0) -> 0 | EG101: =DP101 -> 0 | EH101: =K101 -> 0 | EI101: =SUM(M101:Z101) -> 0 | EJ101: =I101 -> 0 | EK101: =(EH101-EI101)*EJ101 -> 0 | EL101: =EG101/EK101 -> #DIV/0! | EM101: =IF(EK101>0.01,1,0) -> 0 | EO101: =EG101 -> 0 | EP101: =EJ101 -> 0 | EQ101: =EO101/(EP101*K101) -> #DIV/0! | ER101: =IF($K101>0.01,1,0) -> 0 | EU101: =DK101 -> 0 | EV101: =CU101 -> 0 | EW101: =I101*CU101 -> 0 | EX101: =DR101 -> 0 | EZ101: =EW101-EX101 -> 0 | FA101: =+IF(EZ101/I101<0,0,(EZ101/I101)) -> #DIV/0!
...

Sheet Milling
K1: AVAILABLE TIME - PLANNED DOWNTIME (UNCONTROLLABLE) = LOADING TIME | AR1: SAP NOTIFICATION | AU1: LOADING TIME - UNPLANNED DOWNTIME / CONTROLLABLE = OPERATING TIME (Uptime) | CW1: AVAILABLE TIME DISTRIBUTION (%) | DD1: AVAILABILITY RATE X PERFORMANCE RATE X QUALITY RATE = OEE | DY1: GOOD OUTPUT÷ AVAILABLE CAPACITY=CHECK OEE | EG1: GOOD OUTPUT ÷ PLANNED PRODUCTION UPTIME = ELOR | EO1: Good Output ÷ (Ideal Prod Rate x 480)= ELUR
K2: Avail. Time (min) | M2: PLANNED DOWNTIME | AA2: UNCONTROLLABLE | AN2: TOTAL UNCONTROLLABLE | AP2: LOADING TIME (min) | AR2: SAP BREAKDOWN NOTIFICATION (min) | AS2: SAP NOTIFICATION NUMBER | AU2: BREAKDOWN & FAILURES | BR2: SET-UP AND ADJUSTMENTS | CD2: IDLING AND MINOR STOPPAGE | CS2: TOTAL UNPLANNED DOWNTIME | CU2: UPTIME / Operating Time (min) | DD2: total uptime / loading time = AVAILABILITY | DJ2: actual prod rate / ideal prod rate = PERFORMANCE | DP2: Good output / total output = QUALITY | DV2: OEE | DY2: Good Output (L) | DZ2: Ideal Prod Rate X Avail Time = Avail Cap | EB2: Available Capacity (L) | ED2: Check OEE | EG2: Good Output (L) | EH2: (Available time - Planned Downtime) X Ideal Prod Rate = Planned Production Time | EL2: ELOR | EO2: Good Output (L) | EP2: Ideal Production Rate (L/Min) | EQ2: ELUR | EW2: ideal prod rate X uptime | EZ2: Total Expected - Total Output | FA2: Variance÷Ideal Prod Rate
B3: DATE | C3: DAY | D3: SHIFT | E3: No of hours | G3: Loading Time | H3: PRODUCT TYPE | I3: Ideal Prod.Rate (L/min) | M3: A1 - 5S, Sanitation | N3: A2 - Breaktime | O3: A3 - CLAIR | P3: A4 - Changeover , Setup/Startup ,Change Kettle | Q3: A5 - PM (Preventitve Maintenance) | R3: A6-Flag Ceremony | S3: A7-General Assembly | T3: A8-Performance Dialogue | U3: A9-Trial Run | V3: A10-Training, Meetings | W3: A11-Company Activities | X3: A12-Emergency Drills | Y3: A13-No Production Plan | Z3: A14-No Head Count Allocation | AA3: UDT-Force Majeure | AB3: UDT-Grid Power Failure | AC3: UDT-Supply Chain Discuption | AD3: UDT-Gov't/Regulatory Issues | AE3: UDT-External Insfastructure failures | AF3: UDT-Labor related external issues | AG3: UDT-Late Shuttle Service | AU3: B1- Gear Box Problem | AV3: B2- Bearing Problem | AW3: B3- Compress Air Low Pressure | AX3: B4- Heater Problem | AY3: B5- Rampost Aluminum Piston Seal Problem | AZ3: B6- Sensor Problem | BA3: B7- Weight Problem (Leak) | BB3: B8- Weight Problem (Hoper Pressure) | BC3: B9- Pressure Gauge Problem | BD3: B10- Deffective - Foot Swith Problem | BE3: B11- Deffective -Air Motor Problem | BF3: B12- Deffective -Lower Extrusion Pump Problem | BG3: B13- Deffective Slot Chain-Conveyor Problem | BH3: B14- Deffective-Can Closer | BI3: B15- Crimping Problem | BJ3: B16-Follower Plate Problem (Rampest) | BK3: B17- Follower Plate Problem(Deformed) | BR3: EXCESS SET UP | BS3: EXCESS CHANGE OVER | BZ3: - | CA3: - | CB3: - | CD3: Delay Issuance Materials Supply (PM) | CE3: Delay Issuance Materials Supply (RM) | CF3: Out Stocks (RMPM) | CG3: Sorting/Reworking | CH3: Quality Problem | CI3: Absent Manpower | CJ3: Not Rendered Overtime (OT) | CK3: Unplanned Meeting | CL3: No available Bulkmix/Kettle | CM3: Waiting for Bulkmix Approval | CN3: Over Breaktime | CO3: Equipment Mishandling | CP3: Waiting for Forklift | CQ3: Early Quitting | CR3: - | CW3: % PLANNED | CX3: % UNCONTROLLABLE | CY3: % BREAK DOWN AND FAILURE | CZ3: % SET UP AND ADJUSTMENT | DA3: % IDLING AND MINOR STOP | DB3: %UPTIME (operating time) | DD3: Loading Time (min) | DE3: TOTAL Downtime (min) | DF3: [AvailTime-ΣDowntime] = TOTAL Uptime (min) | DG3: %Availability | DJ3: PRODUCT TYPE | DK3: Ideal Prod.Rate (L/min) | DL3: [Total Output÷Uptime] = Actual Prod. Rate (L/min) | DM3: %Performance | DP3: Good Output (L) | DQ3: Reject (L) | DR3: Total Output (L) | DS3: %Quality | DZ3: Ideal Prod.Rate (KG/min) | EA3: Loading time(min) | EH3: Available Time | EI3: Planned Downtime | EJ3: Ideal Prod Rate (L/min) | EK3: Planned Production Time | EU3: Ideal Prod. Rate (L/min) | EV3: UPTIME (min) | EW3: TOTAL expected output (L) | EX3: TOTAL output (L) | EZ3: ( VARIANCE ) OUTPUT LOSS (L) | FA3: PERFORMANCE RATE IN LOSS TIME EQUIVALENT (min) | FB3: JUSTIFICATION
I5: =IF(E5>0.0001,0,0) -> 0 | K5: =E5*60 -> 0 | AN5: =SUM(M5:AM5) -> 0 | AP5: =K5-AN5 -> 0 | CS5: =SUM(AU5:CR5) -> 0 | CU5: =AP5-CS5 -> 0 | CW5: =(SUM(M5:Z5))/K5 -> #DIV/0! | CX5: =(SUM(AA5:AM5))/K5 -> #DIV/0! | CY5: =(SUM(AU5:BQ5))/$K5 -> #DIV/0! | CZ5: =(SUM(BR5:CC5))/K5 -> #DIV/0! | DA5: =(SUM(CD5:CR5))/K5 -> #DIV/0! | DB5: =CU5/K5 -> #DIV/0! | DD5: =AP5 -> 0 | DE5: =CS5 -> 0 | DF5: =$DD5-DE5 -> 0 | DG5: =DF5/$DD5 -> #DIV/0! | DH5: =IF(AP5>0.01,1,0) -> 0 | DJ5: =H5 -> 0 | DK5: =I5 -> 0 | DL5: =DR5/DF5 -> #DIV/0! | DM5: =DL5/DK5 -> #DIV/0! | DN5: =IF(DM5>0.01,1,0) -> #DIV/0! | DR5: =DP5+DQ5 -> 0 | DS5: =IF(DL5=0,0,DP5/DR5) -> #DIV/0! | DT5: =IF(DS5>0.01,1,0) -> #DIV/0! | DV5: =DG5*DM5*DS5 -> #DIV/0! | DW5: =IF($AP5>0.01,1,0) -> 0 | DY5: =DP5 -> 0 | DZ5: =DK5 -> 0 | EA5: =+AP5 -> 0 | EB5: =DZ5*EA5 -> 0 | ED5: =DY5/EB5 -> #DIV/0! | EE5: =IF($AP5>0.01,1,0) -> 0 | EG5: =DP5 -> 0 | EH5: =K5 -> 0 | EI5: =SUM(M5:Z5) -> 0 | EJ5: =I5 -> 0 | EK5: =(EH5-EI5)*EJ5 -> 0 | EL5: =EG5/EK5 -> #DIV/0! | EM5: =IF(EK5>0.01,1,0) -> 0 | EO5: =EG5 -> 0 | EP5: =EJ5 -> 0 | EQ5: =EO5/(EP5*K5) -> #DIV/0! | ER5: =IF($K5>0.01,1,0) -> 0 | EU5: =DK5 -> 0 | EV5: =CU5 -> 0 | EW5: =I5*CU5 -> 0 | EX5: =DR5 -> 0 | EZ5: =EW5-EX5 -> 0 | FA5: =+IF(EZ5/I5<0,0,(EZ5/I5)) -> #DIV/0!
I6: =IF(E6>0.0001,0,0) -> 0 | K6: =E6*60 -> 0 | AN6: =SUM(M6:AM6) -> 0 | AP6: =K6-AN6 -> 0 | CS6: =SUM(AU6:CR6) -> 0 | CU6: =AP6-CS6 -> 0 | CW6: =(SUM(M6:Z6))/K6 -> #DIV/0! | CX6: =(SUM(AA6:AM6))/K6 -> #DIV/0! | CY6: =(SUM(AU6:BQ6))/$K6 -> #DIV/0! | CZ6: =(SUM(BR6:CC6))/K6 -> #DIV/0! | DA6: =(SUM(CD6:CR6))/K6 -> #DIV/0! | DB6: =CU6/K6 -> #DIV/0! | DD6: =AP6 -> 0 | DE6: =CS6 -> 0 | DF6: =$DD6-DE6 -> 0 | DG6: =DF6/$DD6 -> #DIV/0! | DH6: =IF(AP6>0.01,1,0) -> 0 | DJ6: =H6 -> 0 | DK6: =I6 -> 0 | DL6: =DR6/DF6 -> #DIV/0! | DM6: =DL6/DK6 -> #DIV/0! | DN6: =IF(DM6>0.01,1,0) -> #DIV/0! | DR6: =DP6+DQ6 -> 0 | DS6: =IF(DL6=0,0,DP6/DR6) -> #DIV/0! | DT6: =IF(DS6>0.01,1,0) -> #DIV/0! | DV6: =DG6*DM6*DS6 -> #DIV/0! | DW6: =IF($AP6>0.01,1,0) -> 0 | DY6: =DP6 -> 0 | DZ6: =DK6 -> 0 | EA6: =+AP6 -> 0 | EB6: =DZ6*EA6 -> 0 | ED6: =DY6/EB6 -> #DIV/0! | EE6: =IF($AP6>0.01,1,0) -> 0 | EG6: =DP6 -> 0 | EH6: =K6 -> 0 | EI6: =SUM(M6:Z6) -> 0 | EJ6: =I6 -> 0 | EK6: =(EH6-EI6)*EJ6 -> 0 | EL6: =EG6/EK6 -> #DIV/0! | EM6: =IF(EK6>0.01,1,0) -> 0 | EO6: =EG6 -> 0 | EP6: =EJ6 -> 0 | EQ6: =EO6/(EP6*K6) -> #DIV/0! | ER6: =IF($K6>0.01,1,0) -> 0 | EU6: =DK6 -> 0 | EV6: =CU6 -> 0 | EW6: =I6*CU6 -> 0 | EX6: =DR6 -> 0 | EZ6: =EW6-EX6 -> 0 | FA6: =+IF(EZ6/I6<0,0,(EZ6/I6)) -> #DIV/0!
I7: =IF(E7>0.0001,0,0) -> 0 | K7: =E7*60 -> 0 | AN7: =SUM(M7:AM7) -> 0 | AP7: =K7-AN7 -> 0 | CS7: =SUM(AU7:CR7) -> 0 | CU7: =AP7-CS7 -> 0 | CW7: =(SUM(M7:Z7))/K7 -> #DIV/0! | CX7: =(SUM(AA7:AM7))/K7 -> #DIV/0! | CY7: =(SUM(AU7:BQ7))/$K7 -> #DIV/0! | CZ7: =(SUM(BR7:CC7))/K7 -> #DIV/0! | DA7: =(SUM(CD7:CR7))/K7 -> #DIV/0! | DB7: =CU7/K7 -> #DIV/0! | DD7: =AP7 -> 0 | DE7: =CS7 -> 0 | DF7: =$DD7-DE7 -> 0 | DG7: =DF7/$DD7 -> #DIV/0! | DH7: =IF(AP7>0.01,1,0) -> 0 | DJ7: =H7 -> 0 | DK7: =I7 -> 0 | DL7: =DR7/DF7 -> #DIV/0! | DM7: =DL7/DK7 -> #DIV/0! | DN7: =IF(DM7>0.01,1,0) -> #DIV/0! | DR7: =DP7+DQ7 -> 0 | DS7: =IF(DL7=0,0,DP7/DR7) -> #DIV/0! | DT7: =IF(DS7>0.01,1,0) -> #DIV/0! | DV7: =DG7*DM7*DS7 -> #DIV/0! | DW7: =IF($AP7>0.01,1,0) -> 0 | DY7: =DP7 -> 0 | DZ7: =DK7 -> 0 | EA7: =+AP7 -> 0 | EB7: =DZ7*EA7 -> 0 | ED7: =DY7/EB7 -> #DIV/0! | EE7: =IF($AP7>0.01,1,0) -> 0 | EG7: =DP7 -> 0 | EH7: =K7 -> 0 | EI7: =SUM(M7:Z7) -> 0 | EJ7: =I7 -> 0 | EK7: =(EH7-EI7)*EJ7 -> 0 | EL7: =EG7/EK7 -> #DIV/0! | EM7: =IF(EK7>0.01,1,0) -> 0 | EO7: =EG7 -> 0 | EP7: =EJ7 -> 0 | EQ7: =EO7/(EP7*K7) -> #DIV/0! | ER7: =IF($K7>0.01,1,0) -> 0 | EU7: =DK7 -> 0 | EV7: =CU7 -> 0 | EW7: =I7*CU7 -> 0 | EX7: =DR7 -> 0 | EZ7: =EW7-EX7 -> 0 | FA7: =+IF(EZ7/I7<0,0,(EZ7/I7)) -> #DIV/0!
I8: =IF(E8>0.0001,0,0) -> 0 | K8: =E8*60 -> 0 | AN8: =SUM(M8:AM8) -> 0 | AP8: =K8-AN8 -> 0 | CS8: =SUM(AU8:CR8) -> 0 | CU8: =AP8-CS8 -> 0 | CW8: =(SUM(M8:Z8))/K8 -> #DIV/0! | CX8: =(SUM(AA8:AM8))/K8 -> #DIV/0! | CY8: =(SUM(AU8:BQ8))/$K8 -> #DIV/0! | CZ8: =(SUM(BR8:CC8))/K8 -> #DIV/0! | DA8: =(SUM(CD8:CR8))/K8 -> #DIV/0! | DB8: =CU8/K8 -> #DIV/0! | DD8: =AP8 -> 0 | DE8: =CS8 -> 0 | DF8: =$DD8-DE8 -> 0 | DG8: =DF8/$DD8 -> #DIV/0! | DH8: =IF(AP8>0.01,1,0) -> 0 | DJ8: =H8 -> 0 | DK8: =I8 -> 0 | DL8: =DR8/DF8 -> #DIV/0! | DM8: =DL8/DK8 -> #DIV/0! | DN8: =IF(DM8>0.01,1,0) -> #DIV/0! | DR8: =DP8+DQ8 -> 0 | DS8: =IF(DL8=0,0,DP8/DR8) -> #DIV/0! | DT8: =IF(DS8>0.01,1,0) -> #DIV/0! | DV8: =DG8*DM8*DS8 -> #DIV/0! | DW8: =IF($AP8>0.01,1,0) -> 0 | DY8: =DP8 -> 0 | DZ8: =DK8 -> 0 | EA8: =+AP8 -> 0 | EB8: =DZ8*EA8 -> 0 | ED8: =DY8/EB8 -> #DIV/0! | EE8: =IF($AP8>0.01,1,0) -> 0 | EG8: =DP8 -> 0 | EH8: =K8 -> 0 | EI8: =SUM(M8:Z8) -> 0 | EJ8: =I8 -> 0 | EK8: =(EH8-EI8)*EJ8 -> 0 | EL8: =EG8/EK8 -> #DIV/0! | EM8: =IF(EK8>0.01,1,0) -> 0 | EO8: =EG8 -> 0 | EP8: =EJ8 -> 0 | EQ8: =EO8/(EP8*K8) -> #DIV/0! | ER8: =IF($K8>0.01,1,0) -> 0 | EU8: =DK8 -> 0 | EV8: =CU8 -> 0 | EW8: =I8*CU8 -> 0 | EX8: =DR8 -> 0 | EZ8: =EW8-EX8 -> 0 | FA8: =+IF(EZ8/I8<0,0,(EZ8/I8)) -> #DIV/0!
I9: =IF(E9>0.0001,0,0) -> 0 | K9: =E9*60 -> 0 | AN9: =SUM(M9:AM9) -> 0 | AP9: =K9-AN9 -> 0 | CS9: =SUM(AU9:CR9) -> 0 | CU9: =AP9-CS9 -> 0 | CW9: =(SUM(M9:Z9))/K9 -> #DIV/0! | CX9: =(SUM(AA9:AM9))/K9 -> #DIV/0! | CY9: =(SUM(AU9:BQ9))/$K9 -> #DIV/0! | CZ9: =(SUM(BR9:CC9))/K9 -> #DIV/0! | DA9: =(SUM(CD9:CR9))/K9 -> #DIV/0! | DB9: =CU9/K9 -> #DIV/0! | DD9: =AP9 -> 0 | DE9: =CS9 -> 0 | DF9: =$DD9-DE9 -> 0 | DG9: =DF9/$DD9 -> #DIV/0! | DH9: =IF(AP9>0.01,1,0) -> 0 | DJ9: =H9 -> 0 | DK9: =I9 -> 0 | DL9: =DR9/DF9 -> #DIV/0! | DM9: =DL9/DK9 -> #DIV/0! | DN9: =IF(DM9>0.01,1,0) -> #DIV/0! | DR9: =DP9+DQ9 -> 0 | DS9: =IF(DL9=0,0,DP9/DR9) -> #DIV/0! | DT9: =IF(DS9>0.01,1,0) -> #DIV/0! | DV9: =DG9*DM9*DS9 -> #DIV/0! | DW9: =IF($AP9>0.01,1,0) -> 0 | DY9: =DP9 -> 0 | DZ9: =DK9 -> 0 | EA9: =+AP9 -> 0 | EB9: =DZ9*EA9 -> 0 | ED9: =DY9/EB9 -> #DIV/0! | EE9: =IF($AP9>0.01,1,0) -> 0 | EG9: =DP9 -> 0 | EH9: =K9 -> 0 | EI9: =SUM(M9:Z9) -> 0 | EJ9: =I9 -> 0 | EK9: =(EH9-EI9)*EJ9 -> 0 | EL9: =EG9/EK9 -> #DIV/0! | EM9: =IF(EK9>0.01,1,0) -> 0 | EO9: =EG9 -> 0 | EP9: =EJ9 -> 0 | EQ9: =EO9/(EP9*K9) -> #DIV/0! | ER9: =IF($K9>0.01,1,0) -> 0 | EU9: =DK9 -> 0 | EV9: =CU9 -> 0 | EW9: =I9*CU9 -> 0 | EX9: =DR9 -> 0 | EZ9: =EW9-EX9 -> 0 | FA9: =+IF(EZ9/I9<0,0,(EZ9/I9)) -> #DIV/0!
I10: =IF(E10>0.0001,0,0) -> 0 | K10: =E10*60 -> 0 | AN10: =SUM(M10:AM10) -> 0 | AP10: =K10-AN10 -> 0 | CS10: =SUM(AU10:CR10) -> 0 | CU10: =AP10-CS10 -> 0 | CW10: =(SUM(M10:Z10))/K10 -> #DIV/0! | CX10: =(SUM(AA10:AM10))/K10 -> #DIV/0! | CY10: =(SUM(AU10:BQ10))/$K10 -> #DIV/0! | CZ10: =(SUM(BR10:CC10))/K10 -> #DIV/0! | DA10: =(SUM(CD10:CR10))/K10 -> #DIV/0! | DB10: =CU10/K10 -> #DIV/0! | DD10: =AP10 -> 0 | DE10: =CS10 -> 0 | DF10: =$DD10-DE10 -> 0 | DG10: =DF10/$DD10 -> #DIV/0! | DH10: =IF(AP10>0.01,1,0) -> 0 | DJ10: =H10 -> 0 | DK10: =I10 -> 0 | DL10: =DR10/DF10 -> #DIV/0! | DM10: =DL10/DK10 -> #DIV/0! | DN10: =IF(DM10>0.01,1,0) -> #DIV/0! | DR10: =DP10+DQ10 -> 0 | DS10: =IF(DL10=0,0,DP10/DR10) -> #DIV/0! | DT10: =IF(DS10>0.01,1,0) -> #DIV/0! | DV10: =DG10*DM10*DS10 -> #DIV/0! | DW10: =IF($AP10>0.01,1,0) -> 0 | DY10: =DP10 -> 0 | DZ10: =DK10 -> 0 | EA10: =+AP10 -> 0 | EB10: =DZ10*EA10 -> 0 | ED10: =DY10/EB10 -> #DIV/0! | EE10: =IF($AP10>0.01,1,0) -> 0 | EG10: =DP10 -> 0 | EH10: =K10 -> 0 | EI10: =SUM(M10:Z10) -> 0 | EJ10: =I10 -> 0 | EK10: =(EH10-EI10)*EJ10 -> 0 | EL10: =EG10/EK10 -> #DIV/0! | EM10: =IF(EK10>0.01,1,0) -> 0 | EO10: =EG10 -> 0 | EP10: =EJ10 -> 0 | EQ10: =EO10/(EP10*K10) -> #DIV/0! | ER10: =IF($K10>0.01,1,0) -> 0 | EU10: =DK10 -> 0 | EV10: =CU10 -> 0 | EW10: =I10*CU10 -> 0 | EX10: =DR10 -> 0 | EZ10: =EW10-EX10 -> 0 | FA10: =+IF(EZ10/I10<0,0,(EZ10/I10)) -> #DIV/0!
I11: =IF(E11>0.0001,9.4,0) -> 0 | K11: =E11*60 -> 0 | AN11: =SUM(M11:AM11) -> 0 | AP11: =K11-AN11 -> 0 | CS11: =SUM(AU11:CR11) -> 0 | CU11: =AP11-CS11 -> 0 | CW11: =(SUM(M11:Z11))/K11 -> #DIV/0! | CX11: =(SUM(AA11:AM11))/K11 -> #DIV/0! | CY11: =(SUM(AU11:BQ11))/$K11 -> #DIV/0! | CZ11: =(SUM(BR11:CC11))/K11 -> #DIV/0! | DA11: =(SUM(CD11:CR11))/K11 -> #DIV/0! | DB11: =CU11/K11 -> #DIV/0! | DD11: =AP11 -> 0 | DE11: =CS11 -> 0 | DF11: =$DD11-DE11 -> 0 | DG11: =DF11/$DD11 -> #DIV/0! | DH11: =IF(AP11>0.01,1,0) -> 0 | DJ11: =H11 -> 0 | DK11: =I11 -> 0 | DL11: =DR11/DF11 -> #DIV/0! | DM11: =DL11/DK11 -> #DIV/0! | DN11: =IF(DM11>0.01,1,0) -> #DIV/0! | DR11: =DP11+DQ11 -> 0 | DS11: =IF(DL11=0,0,DP11/DR11) -> #DIV/0! | DT11: =IF(DS11>0.01,1,0) -> #DIV/0! | DV11: =DG11*DM11*DS11 -> #DIV/0! | DW11: =IF($AP11>0.01,1,0) -> 0 | DY11: =DP11 -> 0 | DZ11: =DK11 -> 0 | EA11: =+AP11 -> 0 | EB11: =DZ11*EA11 -> 0 | ED11: =DY11/EB11 -> #DIV/0! | EE11: =IF($AP11>0.01,1,0) -> 0 | EG11: =DP11 -> 0 | EH11: =K11 -> 0 | EI11: =SUM(M11:Z11) -> 0 | EJ11: =I11 -> 0 | EK11: =(EH11-EI11)*EJ11 -> 0 | EL11: =EG11/EK11 -> #DIV/0! | EM11: =IF(EK11>0.01,1,0) -> 0 | EO11: =EG11 -> 0 | EP11: =EJ11 -> 0 | EQ11: =EO11/(EP11*K11) -> #DIV/0! | ER11: =IF($K11>0.01,1,0) -> 0 | EU11: =DK11 -> 0 | EV11: =CU11 -> 0 | EW11: =I11*CU11 -> 0 | EX11: =DR11 -> 0 | EZ11: =EW11-EX11 -> 0 | FA11: =+IF(EZ11/I11<0,0,(EZ11/I11)) -> #DIV/0!
I12: =IF(E12>0.0001,0,0) -> 0 | K12: =E12*60 -> 0 | AN12: =SUM(M12:AM12) -> 0 | AP12: =K12-AN12 -> 0 | CS12: =SUM(AU12:CR12) -> 0 | CU12: =AP12-CS12 -> 0 | CW12: =(SUM(M12:Z12))/K12 -> #DIV/0! | CX12: =(SUM(AA12:AM12))/K12 -> #DIV/0! | CY12: =(SUM(AU12:BQ12))/$K12 -> #DIV/0! | CZ12: =(SUM(BR12:CC12))/K12 -> #DIV/0! | DA12: =(SUM(CD12:CR12))/K12 -> #DIV/0! | DB12: =CU12/K12 -> #DIV/0! | DD12: =AP12 -> 0 | DE12: =CS12 -> 0 | DF12: =$DD12-DE12 -> 0 | DG12: =DF12/$DD12 -> #DIV/0! | DH12: =IF(AP12>0.01,1,0) -> 0 | DJ12: =H12 -> 0 | DK12: =I12 -> 0 | DL12: =DR12/DF12 -> #DIV/0! | DM12: =DL12/DK12 -> #DIV/0! | DN12: =IF(DM12>0.01,1,0) -> #DIV/0! | DR12: =DP12+DQ12 -> 0 | DS12: =IF(DL12=0,0,DP12/DR12) -> #DIV/0! | DT12: =IF(DS12>0.01,1,0) -> #DIV/0! | DV12: =DG12*DM12*DS12 -> #DIV/0! | DW12: =IF($AP12>0.01,1,0) -> 0 | DY12: =DP12 -> 0 | DZ12: =DK12 -> 0 | EA12: =+AP12 -> 0 | EB12: =DZ12*EA12 -> 0 | ED12: =DY12/EB12 -> #DIV/0! | EE12: =IF($AP12>0.01,1,0) -> 0 | EG12: =DP12 -> 0 | EH12: =K12 -> 0 | EI12: =SUM(M12:Z12) -> 0 | EJ12: =I12 -> 0 | EK12: =(EH12-EI12)*EJ12 -> 0 | EL12: =EG12/EK12 -> #DIV/0! | EM12: =IF(EK12>0.01,1,0) -> 0 | EO12: =EG12 -> 0 | EP12: =EJ12 -> 0 | EQ12: =EO12/(EP12*K12) -> #DIV/0! | ER12: =IF($K12>0.01,1,0) -> 0 | EU12: =DK12 -> 0 | EV12: =CU12 -> 0 | EW12: =I12*CU12 -> 0 | EX12: =DR12 -> 0 | EZ12: =EW12-EX12 -> 0 | FA12: =+IF(EZ12/I12<0,0,(EZ12/I12)) -> #DIV/0!
I13: =IF(E13>0.0001,0,0) -> 0 | K13: =E13*60 -> 0 | AN13: =SUM(M13:AM13) -> 0 | AP13: =K13-AN13 -> 0 | CS13: =SUM(AU13:CR13) -> 0 | CU13: =AP13-CS13 -> 0 | CW13: =(SUM(M13:Z13))/K13 -> #DIV/0! | CX13: =(SUM(AA13:AM13))/K13 -> #DIV/0! | CY13: =(SUM(AU13:BQ13))/$K13 -> #DIV/0! | CZ13: =(SUM(BR13:CC13))/K13 -> #DIV/0! | DA13: =(SUM(CD13:CR13))/K13 -> #DIV/0! | DB13: =CU13/K13 -> #DIV/0! | DD13: =AP13 -> 0 | DE13: =CS13 -> 0 | DF13: =$DD13-DE13 -> 0 | DG13: =DF13/$DD13 -> #DIV/0! | DH13: =IF(AP13>0.01,1,0) -> 0 | DJ13: =H13 -> 0 | DK13: =I13 -> 0 | DL13: =DR13/DF13 -> #DIV/0! | DM13: =DL13/DK13 -> #DIV/0! | DN13: =IF(DM13>0.01,1,0) -> #DIV/0! | DR13: =DP13+DQ13 -> 0 | DS13: =IF(DL13=0,0,DP13/DR13) -> #DIV/0! | DT13: =IF(DS13>0.01,1,0) -> #DIV/0! | DV13: =DG13*DM13*DS13 -> #DIV/0! | DW13: =IF($AP13>0.01,1,0) -> 0 | DY13: =DP13 -> 0 | DZ13: =DK13 -> 0 | EA13: =+AP13 -> 0 | EB13: =DZ13*EA13 -> 0 | ED13: =DY13/EB13 -> #DIV/0! | EE13: =IF($AP13>0.01,1,0) -> 0 | EG13: =DP13 -> 0 | EH13: =K13 -> 0 | EI13: =SUM(M13:Z13) -> 0 | EJ13: =I13 -> 0 | EK13: =(EH13-EI13)*EJ13 -> 0 | EL13: =EG13/EK13 -> #DIV/0! | EM13: =IF(EK13>0.01,1,0) -> 0 | EO13: =EG13 -> 0 | EP13: =EJ13 -> 0 | EQ13: =EO13/(EP13*K13) -> #DIV/0! | ER13: =IF($K13>0.01,1,0) -> 0 | EU13: =DK13 -> 0 | EV13: =CU13 -> 0 | EW13: =I13*CU13 -> 0 | EX13: =DR13 -> 0 | EZ13: =EW13-EX13 -> 0 | FA13: =+IF(EZ13/I13<0,0,(EZ13/I13)) -> #DIV/0!
I14: =IF(E14>0.0001,0,0) -> 0 | K14: =E14*60 -> 0 | AN14: =SUM(M14:AM14) -> 0 | AP14: =K14-AN14 -> 0 | CS14: =SUM(AU14:CR14) -> 0 | CU14: =AP14-CS14 -> 0 | CW14: =(SUM(M14:Z14))/K14 -> #DIV/0! | CX14: =(SUM(AA14:AM14))/K14 -> #DIV/0! | CY14: =(SUM(AU14:BQ14))/$K14 -> #DIV/0! | CZ14: =(SUM(BR14:CC14))/K14 -> #DIV/0! | DA14: =(SUM(CD14:CR14))/K14 -> #DIV/0! | DB14: =CU14/K14 -> #DIV/0! | DD14: =AP14 -> 0 | DE14: =CS14 -> 0 | DF14: =$DD14-DE14 -> 0 | DG14: =DF14/$DD14 -> #DIV/0! | DH14: =IF(AP14>0.01,1,0) -> 0 | DJ14: =H14 -> 0 | DK14: =I14 -> 0 | DL14: =DR14/DF14 -> #DIV/0! | DM14: =DL14/DK14 -> #DIV/0! | DN14: =IF(DM14>0.01,1,0) -> #DIV/0! | DR14: =DP14+DQ14 -> 0 | DS14: =IF(DL14=0,0,DP14/DR14) -> #DIV/0! | DT14: =IF(DS14>0.01,1,0) -> #DIV/0! | DV14: =DG14*DM14*DS14 -> #DIV/0! | DW14: =IF($AP14>0.01,1,0) -> 0 | DY14: =DP14 -> 0 | DZ14: =DK14 -> 0 | EA14: =+AP14 -> 0 | EB14: =DZ14*EA14 -> 0 | ED14: =DY14/EB14 -> #DIV/0! | EE14: =IF($AP14>0.01,1,0) -> 0 | EG14: =DP14 -> 0 | EH14: =K14 -> 0 | EI14: =SUM(M14:Z14) -> 0 | EJ14: =I14 -> 0 | EK14: =(EH14-EI14)*EJ14 -> 0 | EL14: =EG14/EK14 -> #DIV/0! | EM14: =IF(EK14>0.01,1,0) -> 0 | EO14: =EG14 -> 0 | EP14: =EJ14 -> 0 | EQ14: =EO14/(EP14*K14) -> #DIV/0! | ER14: =IF($K14>0.01,1,0) -> 0 | EU14: =DK14 -> 0 | EV14: =CU14 -> 0 | EW14: =I14*CU14 -> 0 | EX14: =DR14 -> 0 | EZ14: =EW14-EX14 -> 0 | FA14: =+IF(EZ14/I14<0,0,(EZ14/I14)) -> #DIV/0!
I15: =IF(E15>0.0001,0,0) -> 0 | K15: =E15*60 -> 0 | AN15: =SUM(M15:AM15) -> 0 | AP15: =K15-AN15 -> 0 | CS15: =SUM(AU15:CR15) -> 0 | CU15: =AP15-CS15 -> 0 | CW15: =(SUM(M15:Z15))/K15 -> #DIV/0! | CX15: =(SUM(AA15:AM15))/K15 -> #DIV/0! | CY15: =(SUM(AU15:BQ15))/$K15 -> #DIV/0! | CZ15: =(SUM(BR15:CC15))/K15 -> #DIV/0! | DA15: =(SUM(CD15:CR15))/K15 -> #DIV/0! | DB15: =CU15/K15 -> #DIV/0! | DD15: =AP15 -> 0 | DE15: =CS15 -> 0 | DF15: =$DD15-DE15 -> 0 | DG15: =DF15/$DD15 -> #DIV/0! | DH15: =IF(AP15>0.01,1,0) -> 0 | DJ15: =H15 -> 0 | DK15: 0 | DL15: =DR15/DF15 -> #DIV/0! | DM15: =DL15/DK15 -> #DIV/0! | DN15: =IF(DM15>0.01,1,0) -> #DIV/0! | DR15: =DP15+DQ15 -> 0 | DS15: =IF(DL15=0,0,DP15/DR15) -> #DIV/0! | DT15: =IF(DS15>0.01,1,0) -> #DIV/0! | DV15: =DG15*DM15*DS15 -> #DIV/0! | DW15: =IF($AP15>0.01,1,0) -> 0 | DY15: =DP15 -> 0 | DZ15: =DK15 -> 0 | EA15: =+AP15 -> 0 | EB15: =DZ15*EA15 -> 0 | ED15: =DY15/EB15 -> #DIV/0! | EE15: =IF($AP15>0.01,1,0) -> 0 | EG15: =DP15 -> 0 | EH15: =K15 -> 0 | EI15: =SUM(M15:Z15) -> 0 | EJ15: =I15 -> 0 | EK15: =(EH15-EI15)*EJ15 -> 0 | EL15: =EG15/EK15 -> #DIV/0! | EM15: =IF(EK15>0.01,1,0) -> 0 | EO15: =EG15 -> 0 | EP15: =EJ15 -> 0 | EQ15: =EO15/(EP15*K15) -> #DIV/0! | ER15: =IF($K15>0.01,1,0) -> 0 | EU15: =DK15 -> 0 | EV15: =CU15 -> 0 | EW15: =I15*CU15 -> 0 | EX15: =DR15 -> 0 | EZ15: =EW15-EX15 -> 0 | FA15: =+IF(EZ15/I15<0,0,(EZ15/I15)) -> #DIV/0!
I16: =IF(E16>0.0001,0,0) -> 0 | K16: =E16*60 -> 0 | AN16: =SUM(M16:AM16) -> 0 | AP16: =K16-AN16 -> 0 | CS16: =SUM(AU16:CR16) -> 0 | CU16: =AP16-CS16 -> 0 | CW16: =(SUM(M16:Z16))/K16 -> #DIV/0! | CX16: =(SUM(AA16:AM16))/K16 -> #DIV/0! | CY16: =(SUM(AU16:BQ16))/$K16 -> #DIV/0! | CZ16: =(SUM(BR16:CC16))/K16 -> #DIV/0! | DA16: =(SUM(CD16:CR16))/K16 -> #DIV/0! | DB16: =CU16/K16 -> #DIV/0! | DD16: =AP16 -> 0 | DE16: =CS16 -> 0 | DF16: =$DD16-DE16 -> 0 | DG16: =DF16/$DD16 -> #DIV/0! | DH16: =IF(AP16>0.01,1,0) -> 0 | DJ16: =H16 -> 0 | DK16: =I16 -> 0 | DL16: =DR16/DF16 -> #DIV/0! | DM16: =DL16/DK16 -> #DIV/0! | DN16: =IF(DM16>0.01,1,0) -> #DIV/0! | DR16: =DP16+DQ16 -> 0 | DS16: =IF(DL16=0,0,DP16/DR16) -> #DIV/0! | DT16: =IF(DS16>0.01,1,0) -> #DIV/0! | DV16: =DG16*DM16*DS16 -> #DIV/0! | DW16: =IF($AP16>0.01,1,0) -> 0 | DY16: =DP16 -> 0 | DZ16: =DK16 -> 0 | EA16: =+AP16 -> 0 | EB16: =DZ16*EA16 -> 0 | ED16: =DY16/EB16 -> #DIV/0! | EE16: =IF($AP16>0.01,1,0) -> 0 | EG16: =DP16 -> 0 | EH16: =K16 -> 0 | EI16: =SUM(M16:Z16) -> 0 | EJ16: =I16 -> 0 | EK16: =(EH16-EI16)*EJ16 -> 0 | EL16: =EG16/EK16 -> #DIV/0! | EM16: =IF(EK16>0.01,1,0) -> 0 | EO16: =EG16 -> 0 | EP16: =EJ16 -> 0 | EQ16: =EO16/(EP16*K16) -> #DIV/0! | ER16: =IF($K16>0.01,1,0) -> 0 | EU16: =DK16 -> 0 | EV16: =CU16 -> 0 | EW16: =I16*CU16 -> 0 | EX16: =DR16 -> 0 | EZ16: =EW16-EX16 -> 0 | FA16: =+IF(EZ16/I16<0,0,(EZ16/I16)) -> #DIV/0!
I17: =IF(E17>0.0001,0,0) -> 0 | K17: =E17*60 -> 0 | AN17: =SUM(M17:AM17) -> 0 | AP17: =K17-AN17 -> 0 | CS17: =SUM(AU17:CR17) -> 0 | CU17: =AP17-CS17 -> 0 | CW17: =(SUM(M17:Z17))/K17 -> #DIV/0! | CX17: =(SUM(AA17:AM17))/K17 -> #DIV/0! | CY17: =(SUM(AU17:BQ17))/$K17 -> #DIV/0! | CZ17: =(SUM(BR17:CC17))/K17 -> #DIV/0! | DA17: =(SUM(CD17:CR17))/K17 -> #DIV/0! | DB17: =CU17/K17 -> #DIV/0! | DD17: =AP17 -> 0 | DE17: =CS17 -> 0 | DF17: =$DD17-DE17 -> 0 | DG17: =DF17/$DD17 -> #DIV/0! | DH17: =IF(AP17>0.01,1,0) -> 0 | DJ17: =H17 -> 0 | DK17: =I17 -> 0 | DL17: =DR17/DF17 -> #DIV/0! | DM17: =DL17/DK17 -> #DIV/0! | DN17: =IF(DM17>0.01,1,0) -> #DIV/0! | DR17: =DP17+DQ17 -> 0 | DS17: =IF(DL17=0,0,DP17/DR17) -> #DIV/0! | DT17: =IF(DS17>0.01,1,0) -> #DIV/0! | DV17: =DG17*DM17*DS17 -> #DIV/0! | DW17: =IF($AP17>0.01,1,0) -> 0 | DY17: =DP17 -> 0 | DZ17: =DK17 -> 0 | EA17: =+AP17 -> 0 | EB17: =DZ17*EA17 -> 0 | ED17: =DY17/EB17 -> #DIV/0! | EE17: =IF($AP17>0.01,1,0) -> 0 | EG17: =DP17 -> 0 | EH17: =K17 -> 0 | EI17: =SUM(M17:Z17) -> 0 | EJ17: =I17 -> 0 | EK17: =(EH17-EI17)*EJ17 -> 0 | EL17: =EG17/EK17 -> #DIV/0! | EM17: =IF(EK17>0.01,1,0) -> 0 | EO17: =EG17 -> 0 | EP17: =EJ17 -> 0 | EQ17: =EO17/(EP17*K17) -> #DIV/0! | ER17: =IF($K17>0.01,1,0) -> 0 | EU17: =DK17 -> 0 | EV17: =CU17 -> 0 | EW17: =I17*CU17 -> 0 | EX17: =DR17 -> 0 | EZ17: =EW17-EX17 -> 0 | FA17: =+IF(EZ17/I17<0,0,(EZ17/I17)) -> #DIV/0!
I18: =IF(E18>0.0001,0,0) -> 0 | K18: =E18*60 -> 0 | AN18: =SUM(M18:AM18) -> 0 | AP18: =K18-AN18 -> 0 | CS18: =SUM(AU18:CR18) -> 0 | CU18: =AP18-CS18 -> 0 | CW18: =(SUM(M18:Z18))/K18 -> #DIV/0! | CX18: =(SUM(AA18:AM18))/K18 -> #DIV/0! | CY18: =(SUM(AU18:BQ18))/$K18 -> #DIV/0! | CZ18: =(SUM(BR18:CC18))/K18 -> #DIV/0! | DA18: =(SUM(CD18:CR18))/K18 -> #DIV/0! | DB18: =CU18/K18 -> #DIV/0! | DD18: =AP18 -> 0 | DE18: =CS18 -> 0 | DF18: =$DD18-DE18 -> 0 | DG18: =DF18/$DD18 -> #DIV/0! | DH18: =IF(AP18>0.01,1,0) -> 0 | DJ18: =H18 -> 0 | DK18: =I18 -> 0 | DL18: =DR18/DF18 -> #DIV/0! | DM18: =DL18/DK18 -> #DIV/0! | DN18: =IF(DM18>0.01,1,0) -> #DIV/0! | DR18: =DP18+DQ18 -> 0 | DS18: =IF(DL18=0,0,DP18/DR18) -> #DIV/0! | DT18: =IF(DS18>0.01,1,0) -> #DIV/0! | DV18: =DG18*DM18*DS18 -> #DIV/0! | DW18: =IF($AP18>0.01,1,0) -> 0 | DY18: =DP18 -> 0 | DZ18: =DK18 -> 0 | EA18: =+AP18 -> 0 | EB18: =DZ18*EA18 -> 0 | ED18: =DY18/EB18 -> #DIV/0! | EE18: =IF($AP18>0.01,1,0) -> 0 | EG18: =DP18 -> 0 | EH18: =K18 -> 0 | EI18: =SUM(M18:Z18) -> 0 | EJ18: =I18 -> 0 | EK18: =(EH18-EI18)*EJ18 -> 0 | EL18: =EG18/EK18 -> #DIV/0! | EM18: =IF(EK18>0.01,1,0) -> 0 | EO18: =EG18 -> 0 | EP18: =EJ18 -> 0 | EQ18: =EO18/(EP18*K18) -> #DIV/0! | ER18: =IF($K18>0.01,1,0) -> 0 | EU18: =DK18 -> 0 | EV18: =CU18 -> 0 | EW18: =I18*CU18 -> 0 | EX18: =DR18 -> 0 | EZ18: =EW18-EX18 -> 0 | FA18: =+IF(EZ18/I18<0,0,(EZ18/I18)) -> #DIV/0!
I19: =IF(E19>0.0001,0,0) -> 0 | K19: =E19*60 -> 0 | AN19: =SUM(M19:AM19) -> 0 | AP19: =K19-AN19 -> 0 | CS19: =SUM(AU19:CR19) -> 0 | CU19: =AP19-CS19 -> 0 | CW19: =(SUM(M19:Z19))/K19 -> #DIV/0! | CX19: =(SUM(AA19:AM19))/K19 -> #DIV/0! | CY19: =(SUM(AU19:BQ19))/$K19 -> #DIV/0! | CZ19: =(SUM(BR19:CC19))/K19 -> #DIV/0! | DA19: =(SUM(CD19:CR19))/K19 -> #DIV/0! | DB19: =CU19/K19 -> #DIV/0! | DD19: =AP19 -> 0 | DE19: =CS19 -> 0 | DF19: =$DD19-DE19 -> 0 | DG19: =DF19/$DD19 -> #DIV/0! | DH19: =IF(AP19>0.01,1,0) -> 0 | DJ19: =H19 -> 0 | DK19: =I19 -> 0 | DL19: =DR19/DF19 -> #DIV/0! | DM19: =DL19/DK19 -> #DIV/0! | DN19: =IF(DM19>0.01,1,0) -> #DIV/0! | DR19: =DP19+DQ19 -> 0 | DS19: =IF(DL19=0,0,DP19/DR19) -> #DIV/0! | DT19: =IF(DS19>0.01,1,0) -> #DIV/0! | DV19: =DG19*DM19*DS19 -> #DIV/0! | DW19: =IF($AP19>0.01,1,0) -> 0 | DY19: =DP19 -> 0 | DZ19: =DK19 -> 0 | EA19: =+AP19 -> 0 | EB19: =DZ19*EA19 -> 0 | ED19: =DY19/EB19 -> #DIV/0! | EE19: =IF($AP19>0.01,1,0) -> 0 | EG19: =DP19 -> 0 | EH19: =K19 -> 0 | EI19: =SUM(M19:Z19) -> 0 | EJ19: =I19 -> 0 | EK19: =(EH19-EI19)*EJ19 -> 0 | EL19: =EG19/EK19 -> #DIV/0! | EM19: =IF(EK19>0.01,1,0) -> 0 | EO19: =EG19 -> 0 | EP19: =EJ19 -> 0 | EQ19: =EO19/(EP19*K19) -> #DIV/0! | ER19: =IF($K19>0.01,1,0) -> 0 | EU19: =DK19 -> 0 | EV19: =CU19 -> 0 | EW19: =I19*CU19 -> 0 | EX19: =DR19 -> 0 | EZ19: =EW19-EX19 -> 0 | FA19: =+IF(EZ19/I19<0,0,(EZ19/I19)) -> #DIV/0!
I20: =IF(E20>0.0001,0,0) -> 0 | K20: =E20*60 -> 0 | AN20: =SUM(M20:AM20) -> 0 | AP20: =K20-AN20 -> 0 | CS20: =SUM(AU20:CR20) -> 0 | CU20: =AP20-CS20 -> 0 | CW20: =(SUM(M20:Z20))/K20 -> #DIV/0! | CX20: =(SUM(AA20:AM20))/K20 -> #DIV/0! | CY20: =(SUM(AU20:BQ20))/$K20 -> #DIV/0! | CZ20: =(SUM(BR20:CC20))/K20 -> #DIV/0! | DA20: =(SUM(CD20:CR20))/K20 -> #DIV/0! | DB20: =CU20/K20 -> #DIV/0! | DD20: =AP20 -> 0 | DE20: =CS20 -> 0 | DF20: =$DD20-DE20 -> 0 | DG20: =DF20/$DD20 -> #DIV/0! | DH20: =IF(AP20>0.01,1,0) -> 0 | DJ20: =H20 -> 0 | DK20: =I20 -> 0 | DL20: =DR20/DF20 -> #DIV/0! | DM20: =DL20/DK20 -> #DIV/0! | DN20: =IF(DM20>0.01,1,0) -> #DIV/0! | DR20: =DP20+DQ20 -> 0 | DS20: =IF(DL20=0,0,DP20/DR20) -> #DIV/0! | DT20: =IF(DS20>0.01,1,0) -> #DIV/0! | DV20: =DG20*DM20*DS20 -> #DIV/0! | DW20: =IF($AP20>0.01,1,0) -> 0 | DY20: =DP20 -> 0 | DZ20: =DK20 -> 0 | EA20: =+AP20 -> 0 | EB20: =DZ20*EA20 -> 0 | ED20: =DY20/EB20 -> #DIV/0! | EE20: =IF($AP20>0.01,1,0) -> 0 | EG20: =DP20 -> 0 | EH20: =K20 -> 0 | EI20: =SUM(M20:Z20) -> 0 | EJ20: =I20 -> 0 | EK20: =(EH20-EI20)*EJ20 -> 0 | EL20: =EG20/EK20 -> #DIV/0! | EM20: =IF(EK20>0.01,1,0) -> 0 | EO20: =EG20 -> 0 | EP20: =EJ20 -> 0 | EQ20: =EO20/(EP20*K20) -> #DIV/0! | ER20: =IF($K20>0.01,1,0) -> 0 | EU20: =DK20 -> 0 | EV20: =CU20 -> 0 | EW20: =I20*CU20 -> 0 | EX20: =DR20 -> 0 | EZ20: =EW20-EX20 -> 0 | FA20: =+IF(EZ20/I20<0,0,(EZ20/I20)) -> #DIV/0!
I21: =IF(E21>0.0001,0,0) -> 0 | K21: =E21*60 -> 0 | AN21: =SUM(M21:AM21) -> 0 | AP21: =K21-AN21 -> 0 | CS21: =SUM(AU21:CR21) -> 0 | CU21: =AP21-CS21 -> 0 | CW21: =(SUM(M21:Z21))/K21 -> #DIV/0! | CX21: =(SUM(AA21:AM21))/K21 -> #DIV/0! | CY21: =(SUM(AU21:BQ21))/$K21 -> #DIV/0! | CZ21: =(SUM(BR21:CC21))/K21 -> #DIV/0! | DA21: =(SUM(CD21:CR21))/K21 -> #DIV/0! | DB21: =CU21/K21 -> #DIV/0! | DD21: =AP21 -> 0 | DE21: =CS21 -> 0 | DF21: =$DD21-DE21 -> 0 | DG21: =DF21/$DD21 -> #DIV/0! | DH21: =IF(AP21>0.01,1,0) -> 0 | DJ21: =H21 -> 0 | DK21: =I21 -> 0 | DL21: =DR21/DF21 -> #DIV/0! | DM21: =DL21/DK21 -> #DIV/0! | DN21: =IF(DM21>0.01,1,0) -> #DIV/0! | DR21: =DP21+DQ21 -> 0 | DS21: =IF(DL21=0,0,DP21/DR21) -> #DIV/0! | DT21: =IF(DS21>0.01,1,0) -> #DIV/0! | DV21: =DG21*DM21*DS21 -> #DIV/0! | DW21: =IF($AP21>0.01,1,0) -> 0 | DY21: =DP21 -> 0 | DZ21: =DK21 -> 0 | EA21: =+AP21 -> 0 | EB21: =DZ21*EA21 -> 0 | ED21: =DY21/EB21 -> #DIV/0! | EE21: =IF($AP21>0.01,1,0) -> 0 | EG21: =DP21 -> 0 | EH21: =K21 -> 0 | EI21: =SUM(M21:Z21) -> 0 | EJ21: =I21 -> 0 | EK21: =(EH21-EI21)*EJ21 -> 0 | EL21: =EG21/EK21 -> #DIV/0! | EM21: =IF(EK21>0.01,1,0) -> 0 | EO21: =EG21 -> 0 | EP21: =EJ21 -> 0 | EQ21: =EO21/(EP21*K21) -> #DIV/0! | ER21: =IF($K21>0.01,1,0) -> 0 | EU21: =DK21 -> 0 | EV21: =CU21 -> 0 | EW21: =I21*CU21 -> 0 | EX21: =DR21 -> 0 | EZ21: =EW21-EX21 -> 0 | FA21: =+IF(EZ21/I21<0,0,(EZ21/I21)) -> #DIV/0!
I22: =IF(E22>0.0001,0,0) -> 0 | K22: =E22*60 -> 0 | AN22: =SUM(M22:AM22) -> 0 | AP22: =K22-AN22 -> 0 | CS22: =SUM(AU22:CR22) -> 0 | CU22: =AP22-CS22 -> 0 | CW22: =(SUM(M22:Z22))/K22 -> #DIV/0! | CX22: =(SUM(AA22:AM22))/K22 -> #DIV/0! | CY22: =(SUM(AU22:BQ22))/$K22 -> #DIV/0! | CZ22: =(SUM(BR22:CC22))/K22 -> #DIV/0! | DA22: =(SUM(CD22:CR22))/K22 -> #DIV/0! | DB22: =CU22/K22 -> #DIV/0! | DD22: =AP22 -> 0 | DE22: =CS22 -> 0 | DF22: =$DD22-DE22 -> 0 | DG22: =DF22/$DD22 -> #DIV/0! | DH22: =IF(AP22>0.01,1,0) -> 0 | DJ22: =H22 -> 0 | DK22: =I22 -> 0 | DL22: =DR22/DF22 -> #DIV/0! | DM22: =DL22/DK22 -> #DIV/0! | DN22: =IF(DM22>0.01,1,0) -> #DIV/0! | DR22: =DP22+DQ22 -> 0 | DS22: =IF(DL22=0,0,DP22/DR22) -> #DIV/0! | DT22: =IF(DS22>0.01,1,0) -> #DIV/0! | DV22: =DG22*DM22*DS22 -> #DIV/0! | DW22: =IF($AP22>0.01,1,0) -> 0 | DY22: =DP22 -> 0 | DZ22: =DK22 -> 0 | EA22: =+AP22 -> 0 | EB22: =DZ22*EA22 -> 0 | ED22: =DY22/EB22 -> #DIV/0! | EE22: =IF($AP22>0.01,1,0) -> 0 | EG22: =DP22 -> 0 | EH22: =K22 -> 0 | EI22: =SUM(M22:Z22) -> 0 | EJ22: =I22 -> 0 | EK22: =(EH22-EI22)*EJ22 -> 0 | EL22: =EG22/EK22 -> #DIV/0! | EM22: =IF(EK22>0.01,1,0) -> 0 | EO22: =EG22 -> 0 | EP22: =EJ22 -> 0 | EQ22: =EO22/(EP22*K22) -> #DIV/0! | ER22: =IF($K22>0.01,1,0) -> 0 | EU22: =DK22 -> 0 | EV22: =CU22 -> 0 | EW22: =I22*CU22 -> 0 | EX22: =DR22 -> 0 | EZ22: =EW22-EX22 -> 0 | FA22: =+IF(EZ22/I22<0,0,(EZ22/I22)) -> #DIV/0!
I23: =IF(E23>0.0001,9.4,0) -> 0 | K23: =E23*60 -> 0 | AN23: =SUM(M23:AM23) -> 0 | AP23: =K23-AN23 -> 0 | CS23: =SUM(AU23:CR23) -> 0 | CU23: =AP23-CS23 -> 0 | CW23: =(SUM(M23:Z23))/K23 -> #DIV/0! | CX23: =(SUM(AA23:AM23))/K23 -> #DIV/0! | CY23: =(SUM(AU23:BQ23))/$K23 -> #DIV/0! | CZ23: =(SUM(BR23:CC23))/K23 -> #DIV/0! | DA23: =(SUM(CD23:CR23))/K23 -> #DIV/0! | DB23: =CU23/K23 -> #DIV/0! | DD23: =AP23 -> 0 | DE23: =CS23 -> 0 | DF23: =$DD23-DE23 -> 0 | DG23: =DF23/$DD23 -> #DIV/0! | DH23: =IF(AP23>0.01,1,0) -> 0 | DJ23: =H23 -> 0 | DK23: =I23 -> 0 | DL23: =DR23/DF23 -> #DIV/0! | DM23: =DL23/DK23 -> #DIV/0! | DN23: =IF(DM23>0.01,1,0) -> #DIV/0! | DR23: =DP23+DQ23 -> 0 | DS23: =IF(DL23=0,0,DP23/DR23) -> #DIV/0! | DT23: =IF(DS23>0.01,1,0) -> #DIV/0! | DV23: =DG23*DM23*DS23 -> #DIV/0! | DW23: =IF($AP23>0.01,1,0) -> 0 | DY23: =DP23 -> 0 | DZ23: =DK23 -> 0 | EA23: =+AP23 -> 0 | EB23: =DZ23*EA23 -> 0 | ED23: =DY23/EB23 -> #DIV/0! | EE23: =IF($AP23>0.01,1,0) -> 0 | EG23: =DP23 -> 0 | EH23: =K23 -> 0 | EI23: =SUM(M23:Z23) -> 0 | EJ23: =I23 -> 0 | EK23: =(EH23-EI23)*EJ23 -> 0 | EL23: =EG23/EK23 -> #DIV/0! | EM23: =IF(EK23>0.01,1,0) -> 0 | EO23: =EG23 -> 0 | EP23: =EJ23 -> 0 | EQ23: =EO23/(EP23*K23) -> #DIV/0! | ER23: =IF($K23>0.01,1,0) -> 0 | EU23: =DK23 -> 0 | EV23: =CU23 -> 0 | EW23: =I23*CU23 -> 0 | EX23: =DR23 -> 0 | EZ23: =EW23-EX23 -> 0 | FA23: =+IF(EZ23/I23<0,0,(EZ23/I23)) -> #DIV/0!
I24: =IF(E24>0.0001,0,0) -> 0 | K24: =E24*60 -> 0 | AN24: =SUM(M24:AM24) -> 0 | AP24: =K24-AN24 -> 0 | CS24: =SUM(AU24:CR24) -> 0 | CU24: =AP24-CS24 -> 0 | CW24: =(SUM(M24:Z24))/K24 -> #DIV/0! | CX24: =(SUM(AA24:AM24))/K24 -> #DIV/0! | CY24: =(SUM(AU24:BQ24))/$K24 -> #DIV/0! | CZ24: =(SUM(BR24:CC24))/K24 -> #DIV/0! | DA24: =(SUM(CD24:CR24))/K24 -> #DIV/0! | DB24: =CU24/K24 -> #DIV/0! | DD24: =AP24 -> 0 | DE24: =CS24 -> 0 | DF24: =$DD24-DE24 -> 0 | DG24: =DF24/$DD24 -> #DIV/0! | DH24: =IF(AP24>0.01,1,0) -> 0 | DJ24: =H24 -> 0 | DK24: =I24 -> 0 | DL24: =DR24/DF24 -> #DIV/0! | DM24: =DL24/DK24 -> #DIV/0! | DN24: =IF(DM24>0.01,1,0) -> #DIV/0! | DR24: =DP24+DQ24 -> 0 | DS24: =IF(DL24=0,0,DP24/DR24) -> #DIV/0! | DT24: =IF(DS24>0.01,1,0) -> #DIV/0! | DV24: =DG24*DM24*DS24 -> #DIV/0! | DW24: =IF($AP24>0.01,1,0) -> 0 | DY24: =DP24 -> 0 | DZ24: =DK24 -> 0 | EA24: =+AP24 -> 0 | EB24: =DZ24*EA24 -> 0 | ED24: =DY24/EB24 -> #DIV/0! | EE24: =IF($AP24>0.01,1,0) -> 0 | EG24: =DP24 -> 0 | EH24: =K24 -> 0 | EI24: =SUM(M24:Z24) -> 0 | EJ24: =I24 -> 0 | EK24: =(EH24-EI24)*EJ24 -> 0 | EL24: =EG24/EK24 -> #DIV/0! | EM24: =IF(EK24>0.01,1,0) -> 0 | EO24: =EG24 -> 0 | EP24: =EJ24 -> 0 | EQ24: =EO24/(EP24*K24) -> #DIV/0! | ER24: =IF($K24>0.01,1,0) -> 0 | EU24: =DK24 -> 0 | EV24: =CU24 -> 0 | EW24: =I24*CU24 -> 0 | EX24: =DR24 -> 0 | EZ24: =EW24-EX24 -> 0 | FA24: =+IF(EZ24/I24<0,0,(EZ24/I24)) -> #DIV/0!
I25: =IF(E25>0.0001,0,0) -> 0 | K25: =E25*60 -> 0 | AN25: =SUM(M25:AM25) -> 0 | AP25: =K25-AN25 -> 0 | CS25: =SUM(AU25:CR25) -> 0 | CU25: =AP25-CS25 -> 0 | CW25: =(SUM(M25:Z25))/K25 -> #DIV/0! | CX25: =(SUM(AA25:AM25))/K25 -> #DIV/0! | CY25: =(SUM(AU25:BQ25))/$K25 -> #DIV/0! | CZ25: =(SUM(BR25:CC25))/K25 -> #DIV/0! | DA25: =(SUM(CD25:CR25))/K25 -> #DIV/0! | DB25: =CU25/K25 -> #DIV/0! | DD25: =AP25 -> 0 | DE25: =CS25 -> 0 | DF25: =$DD25-DE25 -> 0 | DG25: =DF25/$DD25 -> #DIV/0! | DH25: =IF(AP25>0.01,1,0) -> 0 | DJ25: =H25 -> 0 | DK25: =I25 -> 0 | DL25: =DR25/DF25 -> #DIV/0! | DM25: =DL25/DK25 -> #DIV/0! | DN25: =IF(DM25>0.01,1,0) -> #DIV/0! | DR25: =DP25+DQ25 -> 0 | DS25: =IF(DL25=0,0,DP25/DR25) -> #DIV/0! | DT25: =IF(DS25>0.01,1,0) -> #DIV/0! | DV25: =DG25*DM25*DS25 -> #DIV/0! | DW25: =IF($AP25>0.01,1,0) -> 0 | DY25: =DP25 -> 0 | DZ25: =DK25 -> 0 | EA25: =+AP25 -> 0 | EB25: =DZ25*EA25 -> 0 | ED25: =DY25/EB25 -> #DIV/0! | EE25: =IF($AP25>0.01,1,0) -> 0 | EG25: =DP25 -> 0 | EH25: =K25 -> 0 | EI25: =SUM(M25:Z25) -> 0 | EJ25: =I25 -> 0 | EK25: =(EH25-EI25)*EJ25 -> 0 | EL25: =EG25/EK25 -> #DIV/0! | EM25: =IF(EK25>0.01,1,0) -> 0 | EO25: =EG25 -> 0 | EP25: =EJ25 -> 0 | EQ25: =EO25/(EP25*K25) -> #DIV/0! | ER25: =IF($K25>0.01,1,0) -> 0 | EU25: =DK25 -> 0 | EV25: =CU25 -> 0 | EW25: =I25*CU25 -> 0 | EX25: =DR25 -> 0 | EZ25: =EW25-EX25 -> 0 | FA25: =+IF(EZ25/I25<0,0,(EZ25/I25)) -> #DIV/0!
A26: 0 | I26: =IF(E26>0.0001,9.4,0) -> 0 | K26: =E26*60 -> 0 | AN26: =SUM(M26:AM26) -> 0 | AP26: =K26-AN26 -> 0 | CS26: =SUM(AU26:CR26) -> 0 | CU26: =AP26-CS26 -> 0 | CW26: =(SUM(M26:Z26))/K26 -> #DIV/0! | CX26: =(SUM(AA26:AM26))/K26 -> #DIV/0! | CY26: =(SUM(AU26:BQ26))/$K26 -> #DIV/0! | CZ26: =(SUM(BR26:CC26))/K26 -> #DIV/0! | DA26: =(SUM(CD26:CR26))/K26 -> #DIV/0! | DB26: =CU26/K26 -> #DIV/0! | DD26: =AP26 -> 0 | DE26: =CS26 -> 0 | DF26: =$DD26-DE26 -> 0 | DG26: =DF26/$DD26 -> #DIV/0! | DH26: =IF(AP26>0.01,1,0) -> 0 | DJ26: =H26 -> 0 | DK26: =I26 -> 0 | DL26: =DR26/DF26 -> #DIV/0! | DM26: =DL26/DK26 -> #DIV/0! | DN26: =IF(DM26>0.01,1,0) -> #DIV/0! | DR26: =DP26+DQ26 -> 0 | DS26: =IF(DL26=0,0,DP26/DR26) -> #DIV/0! | DT26: =IF(DS26>0.01,1,0) -> #DIV/0! | DV26: =DG26*DM26*DS26 -> #DIV/0! | DW26: =IF($AP26>0.01,1,0) -> 0 | DY26: =DP26 -> 0 | DZ26: =DK26 -> 0 | EA26: =+AP26 -> 0 | EB26: =DZ26*EA26 -> 0 | ED26: =DY26/EB26 -> #DIV/0! | EE26: =IF($AP26>0.01,1,0) -> 0 | EG26: =DP26 -> 0 | EH26: =K26 -> 0 | EI26: =SUM(M26:Z26) -> 0 | EJ26: =I26 -> 0 | EK26: =(EH26-EI26)*EJ26 -> 0 | EL26: =EG26/EK26 -> #DIV/0! | EM26: =IF(EK26>0.01,1,0) -> 0 | EO26: =EG26 -> 0 | EP26: =EJ26 -> 0 | EQ26: =EO26/(EP26*K26) -> #DIV/0! | ER26: =IF($K26>0.01,1,0) -> 0 | EU26: =DK26 -> 0 | EV26: =CU26 -> 0 | EW26: =I26*CU26 -> 0 | EX26: =DR26 -> 0 | EZ26: =EW26-EX26 -> 0 | FA26: =+IF(EZ26/I26<0,0,(EZ26/I26)) -> #DIV/0!
I27: =IF(E27>0.0001,0,0) -> 0 | K27: =E27*60 -> 0 | AN27: =SUM(M27:AM27) -> 0 | AP27: =K27-AN27 -> 0 | CS27: =SUM(AU27:CR27) -> 0 | CU27: =AP27-CS27 -> 0 | CW27: =(SUM(M27:Z27))/K27 -> #DIV/0! | CX27: =(SUM(AA27:AM27))/K27 -> #DIV/0! | CY27: =(SUM(AU27:BQ27))/$K27 -> #DIV/0! | CZ27: =(SUM(BR27:CC27))/K27 -> #DIV/0! | DA27: =(SUM(CD27:CR27))/K27 -> #DIV/0! | DB27: =CU27/K27 -> #DIV/0! | DD27: =AP27 -> 0 | DE27: =CS27 -> 0 | DF27: =$DD27-DE27 -> 0 | DG27: =DF27/$DD27 -> #DIV/0! | DH27: =IF(AP27>0.01,1,0) -> 0 | DJ27: =H27 -> 0 | DK27: =I27 -> 0 | DL27: =DR27/DF27 -> #DIV/0! | DM27: =DL27/DK27 -> #DIV/0! | DN27: =IF(DM27>0.01,1,0) -> #DIV/0! | DR27: =DP27+DQ27 -> 0 | DS27: =IF(DL27=0,0,DP27/DR27) -> #DIV/0! | DT27: =IF(DS27>0.01,1,0) -> #DIV/0! | DV27: =DG27*DM27*DS27 -> #DIV/0! | DW27: =IF($AP27>0.01,1,0) -> 0 | DY27: =DP27 -> 0 | DZ27: =DK27 -> 0 | EA27: =+AP27 -> 0 | EB27: =DZ27*EA27 -> 0 | ED27: =DY27/EB27 -> #DIV/0! | EE27: =IF($AP27>0.01,1,0) -> 0 | EG27: =DP27 -> 0 | EH27: =K27 -> 0 | EI27: =SUM(M27:Z27) -> 0 | EJ27: =I27 -> 0 | EK27: =(EH27-EI27)*EJ27 -> 0 | EL27: =EG27/EK27 -> #DIV/0! | EM27: =IF(EK27>0.01,1,0) -> 0 | EO27: =EG27 -> 0 | EP27: =EJ27 -> 0 | EQ27: =EO27/(EP27*K27) -> #DIV/0! | ER27: =IF($K27>0.01,1,0) -> 0 | EU27: =DK27 -> 0 | EV27: =CU27 -> 0 | EW27: =I27*CU27 -> 0 | EX27: =DR27 -> 0 | EZ27: =EW27-EX27 -> 0 | FA27: =+IF(EZ27/I27<0,0,(EZ27/I27)) -> #DIV/0!
I28: =IF(E28>0.0001,0,0) -> 0 | K28: =E28*60 -> 0 | AN28: =SUM(M28:AM28) -> 0 | AP28: =K28-AN28 -> 0 | CS28: =SUM(AU28:CR28) -> 0 | CU28: =AP28-CS28 -> 0 | CW28: =(SUM(M28:Z28))/K28 -> #DIV/0! | CX28: =(SUM(AA28:AM28))/K28 -> #DIV/0! | CY28: =(SUM(AU28:BQ28))/$K28 -> #DIV/0! | CZ28: =(SUM(BR28:CC28))/K28 -> #DIV/0! | DA28: =(SUM(CD28:CR28))/K28 -> #DIV/0! | DB28: =CU28/K28 -> #DIV/0! | DD28: =AP28 -> 0 | DE28: =CS28 -> 0 | DF28: =$DD28-DE28 -> 0 | DG28: =DF28/$DD28 -> #DIV/0! | DH28: =IF(AP28>0.01,1,0) -> 0 | DJ28: =H28 -> 0 | DK28: =I28 -> 0 | DL28: =DR28/DF28 -> #DIV/0! | DM28: =DL28/DK28 -> #DIV/0! | DN28: =IF(DM28>0.01,1,0) -> #DIV/0! | DR28: =DP28+DQ28 -> 0 | DS28: =IF(DL28=0,0,DP28/DR28) -> #DIV/0! | DT28: =IF(DS28>0.01,1,0) -> #DIV/0! | DV28: =DG28*DM28*DS28 -> #DIV/0! | DW28: =IF($AP28>0.01,1,0) -> 0 | DY28: =DP28 -> 0 | DZ28: =DK28 -> 0 | EA28: =+AP28 -> 0 | EB28: =DZ28*EA28 -> 0 | ED28: =DY28/EB28 -> #DIV/0! | EE28: =IF($AP28>0.01,1,0) -> 0 | EG28: =DP28 -> 0 | EH28: =K28 -> 0 | EI28: =SUM(M28:Z28) -> 0 | EJ28: =I28 -> 0 | EK28: =(EH28-EI28)*EJ28 -> 0 | EL28: =EG28/EK28 -> #DIV/0! | EM28: =IF(EK28>0.01,1,0) -> 0 | EO28: =EG28 -> 0 | EP28: =EJ28 -> 0 | EQ28: =EO28/(EP28*K28) -> #DIV/0! | ER28: =IF($K28>0.01,1,0) -> 0 | EU28: =DK28 -> 0 | EV28: =CU28 -> 0 | EW28: =I28*CU28 -> 0 | EX28: =DR28 -> 0 | EZ28: =EW28-EX28 -> 0 | FA28: =+IF(EZ28/I28<0,0,(EZ28/I28)) -> #DIV/0!
I29: =IF(E29>0.0001,0,0) -> 0 | K29: =E29*60 -> 0 | AN29: =SUM(M29:AM29) -> 0 | AP29: =K29-AN29 -> 0 | CS29: =SUM(AU29:CR29) -> 0 | CU29: =AP29-CS29 -> 0 | CW29: =(SUM(M29:Z29))/K29 -> #DIV/0! | CX29: =(SUM(AA29:AM29))/K29 -> #DIV/0! | CY29: =(SUM(AU29:BQ29))/$K29 -> #DIV/0! | CZ29: =(SUM(BR29:CC29))/K29 -> #DIV/0! | DA29: =(SUM(CD29:CR29))/K29 -> #DIV/0! | DB29: =CU29/K29 -> #DIV/0! | DD29: =AP29 -> 0 | DE29: =CS29 -> 0 | DF29: =$DD29-DE29 -> 0 | DG29: =DF29/$DD29 -> #DIV/0! | DH29: =IF(AP29>0.01,1,0) -> 0 | DJ29: =H29 -> 0 | DK29: =I29 -> 0 | DL29: =DR29/DF29 -> #DIV/0! | DM29: =DL29/DK29 -> #DIV/0! | DN29: =IF(DM29>0.01,1,0) -> #DIV/0! | DR29: =DP29+DQ29 -> 0 | DS29: =IF(DL29=0,0,DP29/DR29) -> #DIV/0! | DT29: =IF(DS29>0.01,1,0) -> #DIV/0! | DV29: =DG29*DM29*DS29 -> #DIV/0! | DW29: =IF($AP29>0.01,1,0) -> 0 | DY29: =DP29 -> 0 | DZ29: =DK29 -> 0 | EA29: =+AP29 -> 0 | EB29: =DZ29*EA29 -> 0 | ED29: =DY29/EB29 -> #DIV/0! | EE29: =IF($AP29>0.01,1,0) -> 0 | EG29: =DP29 -> 0 | EH29: =K29 -> 0 | EI29: =SUM(M29:Z29) -> 0 | EJ29: =I29 -> 0 | EK29: =(EH29-EI29)*EJ29 -> 0 | EL29: =EG29/EK29 -> #DIV/0! | EM29: =IF(EK29>0.01,1,0) -> 0 | EO29: =EG29 -> 0 | EP29: =EJ29 -> 0 | EQ29: =EO29/(EP29*K29) -> #DIV/0! | ER29: =IF($K29>0.01,1,0) -> 0 | EU29: =DK29 -> 0 | EV29: =CU29 -> 0 | EW29: =I29*CU29 -> 0 | EX29: =DR29 -> 0 | EZ29: =EW29-EX29 -> 0 | FA29: =+IF(EZ29/I29<0,0,(EZ29/I29)) -> #DIV/0!
I30: =IF(E30>0.0001,0,0) -> 0 | K30: =E30*60 -> 0 | AN30: =SUM(M30:AM30) -> 0 | AP30: =K30-AN30 -> 0 | CS30: =SUM(AU30:CR30) -> 0 | CU30: =AP30-CS30 -> 0 | CW30: =(SUM(M30:Z30))/K30 -> #DIV/0! | CX30: =(SUM(AA30:AM30))/K30 -> #DIV/0! | CY30: =(SUM(AU30:BQ30))/$K30 -> #DIV/0! | CZ30: =(SUM(BR30:CC30))/K30 -> #DIV/0! | DA30: =(SUM(CD30:CR30))/K30 -> #DIV/0! | DB30: =CU30/K30 -> #DIV/0! | DD30: =AP30 -> 0 | DE30: =CS30 -> 0 | DF30: =$DD30-DE30 -> 0 | DG30: =DF30/$DD30 -> #DIV/0! | DH30: =IF(AP30>0.01,1,0) -> 0 | DJ30: =H30 -> 0 | DK30: =I30 -> 0 | DL30: =DR30/DF30 -> #DIV/0! | DM30: =DL30/DK30 -> #DIV/0! | DN30: =IF(DM30>0.01,1,0) -> #DIV/0! | DR30: =DP30+DQ30 -> 0 | DS30: =IF(DL30=0,0,DP30/DR30) -> #DIV/0! | DT30: =IF(DS30>0.01,1,0) -> #DIV/0! | DV30: =DG30*DM30*DS30 -> #DIV/0! | DW30: =IF($AP30>0.01,1,0) -> 0 | DY30: =DP30 -> 0 | DZ30: =DK30 -> 0 | EA30: =+AP30 -> 0 | EB30: =DZ30*EA30 -> 0 | ED30: =DY30/EB30 -> #DIV/0! | EE30: =IF($AP30>0.01,1,0) -> 0 | EG30: =DP30 -> 0 | EH30: =K30 -> 0 | EI30: =SUM(M30:Z30) -> 0 | EJ30: =I30 -> 0 | EK30: =(EH30-EI30)*EJ30 -> 0 | EL30: =EG30/EK30 -> #DIV/0! | EM30: =IF(EK30>0.01,1,0) -> 0 | EO30: =EG30 -> 0 | EP30: =EJ30 -> 0 | EQ30: =EO30/(EP30*K30) -> #DIV/0! | ER30: =IF($K30>0.01,1,0) -> 0 | EU30: =DK30 -> 0 | EV30: =CU30 -> 0 | EW30: =I30*CU30 -> 0 | EX30: =DR30 -> 0 | EZ30: =EW30-EX30 -> 0 | FA30: =+IF(EZ30/I30<0,0,(EZ30/I30)) -> #DIV/0!
I31: =IF(E31>0.0001,0,0) -> 0 | K31: =E31*60 -> 0 | AN31: =SUM(M31:AM31) -> 0 | AP31: =K31-AN31 -> 0 | CS31: =SUM(AU31:CR31) -> 0 | CU31: =AP31-CS31 -> 0 | CW31: =(SUM(M31:Z31))/K31 -> #DIV/0! | CX31: =(SUM(AA31:AM31))/K31 -> #DIV/0! | CY31: =(SUM(AU31:BQ31))/$K31 -> #DIV/0! | CZ31: =(SUM(BR31:CC31))/K31 -> #DIV/0! | DA31: =(SUM(CD31:CR31))/K31 -> #DIV/0! | DB31: =CU31/K31 -> #DIV/0! | DD31: =AP31 -> 0 | DE31: =CS31 -> 0 | DF31: =$DD31-DE31 -> 0 | DG31: =DF31/$DD31 -> #DIV/0! | DH31: =IF(AP31>0.01,1,0) -> 0 | DJ31: =H31 -> 0 | DK31: =I31 -> 0 | DL31: =DR31/DF31 -> #DIV/0! | DM31: =DL31/DK31 -> #DIV/0! | DN31: =IF(DM31>0.01,1,0) -> #DIV/0! | DR31: =DP31+DQ31 -> 0 | DS31: =IF(DL31=0,0,DP31/DR31) -> #DIV/0! | DT31: =IF(DS31>0.01,1,0) -> #DIV/0! | DV31: =DG31*DM31*DS31 -> #DIV/0! | DW31: =IF($AP31>0.01,1,0) -> 0 | DY31: =DP31 -> 0 | DZ31: =DK31 -> 0 | EA31: =+AP31 -> 0 | EB31: =DZ31*EA31 -> 0 | ED31: =DY31/EB31 -> #DIV/0! | EE31: =IF($AP31>0.01,1,0) -> 0 | EG31: =DP31 -> 0 | EH31: =K31 -> 0 | EI31: =SUM(M31:Z31) -> 0 | EJ31: =I31 -> 0 | EK31: =(EH31-EI31)*EJ31 -> 0 | EL31: =EG31/EK31 -> #DIV/0! | EM31: =IF(EK31>0.01,1,0) -> 0 | EO31: =EG31 -> 0 | EP31: =EJ31 -> 0 | EQ31: =EO31/(EP31*K31) -> #DIV/0! | ER31: =IF($K31>0.01,1,0) -> 0 | EU31: =DK31 -> 0 | EV31: =CU31 -> 0 | EW31: =I31*CU31 -> 0 | EX31: =DR31 -> 0 | EZ31: =EW31-EX31 -> 0 | FA31: =+IF(EZ31/I31<0,0,(EZ31/I31)) -> #DIV/0!
I32: =IF(E32>0.0001,12.5,0) -> 0 | K32: =E32*60 -> 0 | AN32: =SUM(M32:AM32) -> 0 | AP32: =K32-AN32 -> 0 | CS32: =SUM(AU32:CR32) -> 0 | CU32: =AP32-CS32 -> 0 | CW32: =(SUM(M32:Z32))/K32 -> #DIV/0! | CX32: =(SUM(AA32:AM32))/K32 -> #DIV/0! | CY32: =(SUM(AU32:BQ32))/$K32 -> #DIV/0! | CZ32: =(SUM(BR32:CC32))/K32 -> #DIV/0! | DA32: =(SUM(CD32:CR32))/K32 -> #DIV/0! | DB32: =CU32/K32 -> #DIV/0! | DD32: =AP32 -> 0 | DE32: =CS32 -> 0 | DF32: =$DD32-DE32 -> 0 | DG32: =DF32/$DD32 -> #DIV/0! | DH32: =IF(AP32>0.01,1,0) -> 0 | DJ32: =H32 -> 0 | DK32: =I32 -> 0 | DL32: =DR32/DF32 -> #DIV/0! | DM32: =DL32/DK32 -> #DIV/0! | DN32: =IF(DM32>0.01,1,0) -> #DIV/0! | DR32: =DP32+DQ32 -> 0 | DS32: =IF(DL32=0,0,DP32/DR32) -> #DIV/0! | DT32: =IF(DS32>0.01,1,0) -> #DIV/0! | DV32: =DG32*DM32*DS32 -> #DIV/0! | DW32: =IF($AP32>0.01,1,0) -> 0 | DY32: =DP32 -> 0 | DZ32: =DK32 -> 0 | EA32: =+AP32 -> 0 | EB32: =DZ32*EA32 -> 0 | ED32: =DY32/EB32 -> #DIV/0! | EE32: =IF($AP32>0.01,1,0) -> 0 | EG32: =DP32 -> 0 | EH32: =K32 -> 0 | EI32: =SUM(M32:Z32) -> 0 | EJ32: =I32 -> 0 | EK32: =(EH32-EI32)*EJ32 -> 0 | EL32: =EG32/EK32 -> #DIV/0! | EM32: =IF(EK32>0.01,1,0) -> 0 | EO32: =EG32 -> 0 | EP32: =EJ32 -> 0 | EQ32: =EO32/(EP32*K32) -> #DIV/0! | ER32: =IF($K32>0.01,1,0) -> 0 | EU32: =DK32 -> 0 | EV32: =CU32 -> 0 | EW32: =I32*CU32 -> 0 | EX32: =DR32 -> 0 | EZ32: =EW32-EX32 -> 0 | FA32: =+IF(EZ32/I32<0,0,(EZ32/I32)) -> #DIV/0!
I33: =IF(E33>0.0001,12.5,0) -> 0 | K33: =E33*60 -> 0 | AN33: =SUM(M33:AM33) -> 0 | AP33: =K33-AN33 -> 0 | CS33: =SUM(AU33:CR33) -> 0 | CU33: =AP33-CS33 -> 0 | CW33: =(SUM(M33:Z33))/K33 -> #DIV/0! | CX33: =(SUM(AA33:AM33))/K33 -> #DIV/0! | CY33: =(SUM(AU33:BQ33))/$K33 -> #DIV/0! | CZ33: =(SUM(BR33:CC33))/K33 -> #DIV/0! | DA33: =(SUM(CD33:CR33))/K33 -> #DIV/0! | DB33: =CU33/K33 -> #DIV/0! | DD33: =AP33 -> 0 | DE33: =CS33 -> 0 | DF33: =$DD33-DE33 -> 0 | DG33: =DF33/$DD33 -> #DIV/0! | DH33: =IF(AP33>0.01,1,0) -> 0 | DJ33: =H33 -> 0 | DK33: =I33 -> 0 | DL33: =DR33/DF33 -> #DIV/0! | DM33: =DL33/DK33 -> #DIV/0! | DN33: =IF(DM33>0.01,1,0) -> #DIV/0! | DR33: =DP33+DQ33 -> 0 | DS33: =IF(DL33=0,0,DP33/DR33) -> #DIV/0! | DT33: =IF(DS33>0.01,1,0) -> #DIV/0! | DV33: =DG33*DM33*DS33 -> #DIV/0! | DW33: =IF($AP33>0.01,1,0) -> 0 | DY33: =DP33 -> 0 | DZ33: =DK33 -> 0 | EA33: =+AP33 -> 0 | EB33: =DZ33*EA33 -> 0 | ED33: =DY33/EB33 -> #DIV/0! | EE33: =IF($AP33>0.01,1,0) -> 0 | EG33: =DP33 -> 0 | EH33: =K33 -> 0 | EI33: =SUM(M33:Z33) -> 0 | EJ33: =I33 -> 0 | EK33: =(EH33-EI33)*EJ33 -> 0 | EL33: =EG33/EK33 -> #DIV/0! | EM33: =IF(EK33>0.01,1,0) -> 0 | EO33: =EG33 -> 0 | EP33: =EJ33 -> 0 | EQ33: =EO33/(EP33*K33) -> #DIV/0! | ER33: =IF($K33>0.01,1,0) -> 0 | EU33: =DK33 -> 0 | EV33: =CU33 -> 0 | EW33: =I33*CU33 -> 0 | EX33: =DR33 -> 0 | EZ33: =EW33-EX33 -> 0 | FA33: =+IF(EZ33/I33<0,0,(EZ33/I33)) -> #DIV/0!
I34: =IF(E34>0.0001,0,0) -> 0 | K34: =E34*60 -> 0 | AN34: =SUM(M34:AM34) -> 0 | AP34: =K34-AN34 -> 0 | CS34: =SUM(AU34:CR34) -> 0 | CU34: =AP34-CS34 -> 0 | CW34: =(SUM(M34:Z34))/K34 -> #DIV/0! | CX34: =(SUM(AA34:AM34))/K34 -> #DIV/0! | CY34: =(SUM(AU34:BQ34))/$K34 -> #DIV/0! | CZ34: =(SUM(BR34:CC34))/K34 -> #DIV/0! | DA34: =(SUM(CD34:CR34))/K34 -> #DIV/0! | DB34: =CU34/K34 -> #DIV/0! | DD34: =AP34 -> 0 | DE34: =CS34 -> 0 | DF34: =$DD34-DE34 -> 0 | DG34: =DF34/$DD34 -> #DIV/0! | DH34: =IF(AP34>0.01,1,0) -> 0 | DJ34: =H34 -> 0 | DK34: =I34 -> 0 | DL34: =DR34/DF34 -> #DIV/0! | DM34: =DL34/DK34 -> #DIV/0! | DN34: =IF(DM34>0.01,1,0) -> #DIV/0! | DR34: =DP34+DQ34 -> 0 | DS34: =IF(DL34=0,0,DP34/DR34) -> #DIV/0! | DT34: =IF(DS34>0.01,1,0) -> #DIV/0! | DV34: =DG34*DM34*DS34 -> #DIV/0! | DW34: =IF($AP34>0.01,1,0) -> 0 | DY34: =DP34 -> 0 | DZ34: =DK34 -> 0 | EA34: =+AP34 -> 0 | EB34: =DZ34*EA34 -> 0 | ED34: =DY34/EB34 -> #DIV/0! | EE34: =IF($AP34>0.01,1,0) -> 0 | EG34: =DP34 -> 0 | EH34: =K34 -> 0 | EI34: =SUM(M34:Z34) -> 0 | EJ34: =I34 -> 0 | EK34: =(EH34-EI34)*EJ34 -> 0 | EL34: =EG34/EK34 -> #DIV/0! | EM34: =IF(EK34>0.01,1,0) -> 0 | EO34: =EG34 -> 0 | EP34: =EJ34 -> 0 | EQ34: =EO34/(EP34*K34) -> #DIV/0! | ER34: =IF($K34>0.01,1,0) -> 0 | EU34: =DK34 -> 0 | EV34: =CU34 -> 0 | EW34: =I34*CU34 -> 0 | EX34: =DR34 -> 0 | EZ34: =EW34-EX34 -> 0 | FA34: =+IF(EZ34/I34<0,0,(EZ34/I34)) -> #DIV/0!
I35: =IF(E35>0.0001,12.5,0) -> 0 | K35: =E35*60 -> 0 | AN35: =SUM(M35:AM35) -> 0 | AP35: =K35-AN35 -> 0 | CS35: =SUM(AU35:CR35) -> 0 | CU35: =AP35-CS35 -> 0 | CW35: =(SUM(M35:Z35))/K35 -> #DIV/0! | CX35: =(SUM(AA35:AM35))/K35 -> #DIV/0! | CY35: =(SUM(AU35:BQ35))/$K35 -> #DIV/0! | CZ35: =(SUM(BR35:CC35))/K35 -> #DIV/0! | DA35: =(SUM(CD35:CR35))/K35 -> #DIV/0! | DB35: =CU35/K35 -> #DIV/0! | DD35: =AP35 -> 0 | DE35: =CS35 -> 0 | DF35: =$DD35-DE35 -> 0 | DG35: =DF35/$DD35 -> #DIV/0! | DH35: =IF(AP35>0.01,1,0) -> 0 | DJ35: =H35 -> 0 | DK35: =I35 -> 0 | DL35: =DR35/DF35 -> #DIV/0! | DM35: =DL35/DK35 -> #DIV/0! | DN35: =IF(DM35>0.01,1,0) -> #DIV/0! | DR35: =DP35+DQ35 -> 0 | DS35: =IF(DL35=0,0,DP35/DR35) -> #DIV/0! | DT35: =IF(DS35>0.01,1,0) -> #DIV/0! | DV35: =DG35*DM35*DS35 -> #DIV/0! | DW35: =IF($AP35>0.01,1,0) -> 0 | DY35: =DP35 -> 0 | DZ35: =DK35 -> 0 | EA35: =+AP35 -> 0 | EB35: =DZ35*EA35 -> 0 | ED35: =DY35/EB35 -> #DIV/0! | EE35: =IF($AP35>0.01,1,0) -> 0 | EG35: =DP35 -> 0 | EH35: =K35 -> 0 | EI35: =SUM(M35:Z35) -> 0 | EJ35: =I35 -> 0 | EK35: =(EH35-EI35)*EJ35 -> 0 | EL35: =EG35/EK35 -> #DIV/0! | EM35: =IF(EK35>0.01,1,0) -> 0 | EO35: =EG35 -> 0 | EP35: =EJ35 -> 0 | EQ35: =EO35/(EP35*K35) -> #DIV/0! | ER35: =IF($K35>0.01,1,0) -> 0 | EU35: =DK35 -> 0 | EV35: =CU35 -> 0 | EW35: =I35*CU35 -> 0 | EX35: =DR35 -> 0 | EZ35: =EW35-EX35 -> 0 | FA35: =+IF(EZ35/I35<0,0,(EZ35/I35)) -> #DIV/0!
I36: =IF(E36>0.0001,0,0) -> 0 | K36: =E36*60 -> 0 | AN36: =SUM(M36:AM36) -> 0 | AP36: =K36-AN36 -> 0 | CS36: =SUM(AU36:CR36) -> 0 | CU36: =AP36-CS36 -> 0 | CW36: =(SUM(M36:Z36))/K36 -> #DIV/0! | CX36: =(SUM(AA36:AM36))/K36 -> #DIV/0! | CY36: =(SUM(AU36:BQ36))/$K36 -> #DIV/0! | CZ36: =(SUM(BR36:CC36))/K36 -> #DIV/0! | DA36: =(SUM(CD36:CR36))/K36 -> #DIV/0! | DB36: =CU36/K36 -> #DIV/0! | DD36: =AP36 -> 0 | DE36: =CS36 -> 0 | DF36: =$DD36-DE36 -> 0 | DG36: =DF36/$DD36 -> #DIV/0! | DH36: =IF(AP36>0.01,1,0) -> 0 | DJ36: =H36 -> 0 | DK36: 0 | DL36: =DR36/DF36 -> #DIV/0! | DM36: =DL36/DK36 -> #DIV/0! | DN36: =IF(DM36>0.01,1,0) -> #DIV/0! | DR36: =DP36+DQ36 -> 0 | DS36: =IF(DL36=0,0,DP36/DR36) -> #DIV/0! | DT36: =IF(DS36>0.01,1,0) -> #DIV/0! | DV36: =DG36*DM36*DS36 -> #DIV/0! | DW36: =IF($AP36>0.01,1,0) -> 0 | DY36: =DP36 -> 0 | DZ36: =DK36 -> 0 | EA36: =+AP36 -> 0 | EB36: =DZ36*EA36 -> 0 | ED36: =DY36/EB36 -> #DIV/0! | EE36: =IF($AP36>0.01,1,0) -> 0 | EG36: =DP36 -> 0 | EH36: =K36 -> 0 | EI36: =SUM(M36:Z36) -> 0 | EJ36: =I36 -> 0 | EK36: =(EH36-EI36)*EJ36 -> 0 | EL36: =EG36/EK36 -> #DIV/0! | EM36: =IF(EK36>0.01,1,0) -> 0 | EO36: =EG36 -> 0 | EP36: =EJ36 -> 0 | EQ36: =EO36/(EP36*K36) -> #DIV/0! | ER36: =IF($K36>0.01,1,0) -> 0 | EU36: =DK36 -> 0 | EV36: =CU36 -> 0 | EW36: =I36*CU36 -> 0 | EX36: =DR36 -> 0 | EZ36: =EW36-EX36 -> 0 | FA36: =+IF(EZ36/I36<0,0,(EZ36/I36)) -> #DIV/0!
I37: =IF(E37>0.0001,0,0) -> 0 | K37: =E37*60 -> 0 | AN37: =SUM(M37:AM37) -> 0 | AP37: =K37-AN37 -> 0 | CS37: =SUM(AU37:CR37) -> 0 | CU37: =AP37-CS37 -> 0 | CW37: =(SUM(M37:Z37))/K37 -> #DIV/0! | CX37: =(SUM(AA37:AM37))/K37 -> #DIV/0! | CY37: =(SUM(AU37:BQ37))/$K37 -> #DIV/0! | CZ37: =(SUM(BR37:CC37))/K37 -> #DIV/0! | DA37: =(SUM(CD37:CR37))/K37 -> #DIV/0! | DB37: =CU37/K37 -> #DIV/0! | DD37: =AP37 -> 0 | DE37: =CS37 -> 0 | DF37: =$DD37-DE37 -> 0 | DG37: =DF37/$DD37 -> #DIV/0! | DH37: =IF(AP37>0.01,1,0) -> 0 | DJ37: =H37 -> 0 | DK37: 0 | DL37: =DR37/DF37 -> #DIV/0! | DM37: =DL37/DK37 -> #DIV/0! | DN37: =IF(DM37>0.01,1,0) -> #DIV/0! | DR37: =DP37+DQ37 -> 0 | DS37: =IF(DL37=0,0,DP37/DR37) -> #DIV/0! | DT37: =IF(DS37>0.01,1,0) -> #DIV/0! | DV37: =DG37*DM37*DS37 -> #DIV/0! | DW37: =IF($AP37>0.01,1,0) -> 0 | DY37: =DP37 -> 0 | DZ37: =DK37 -> 0 | EA37: =+AP37 -> 0 | EB37: =DZ37*EA37 -> 0 | ED37: =DY37/EB37 -> #DIV/0! | EE37: =IF($AP37>0.01,1,0) -> 0 | EG37: =DP37 -> 0 | EH37: =K37 -> 0 | EI37: =SUM(M37:Z37) -> 0 | EJ37: =I37 -> 0 | EK37: =(EH37-EI37)*EJ37 -> 0 | EL37: =EG37/EK37 -> #DIV/0! | EM37: =IF(EK37>0.01,1,0) -> 0 | EO37: =EG37 -> 0 | EP37: =EJ37 -> 0 | EQ37: =EO37/(EP37*K37) -> #DIV/0! | ER37: =IF($K37>0.01,1,0) -> 0 | EU37: =DK37 -> 0 | EV37: =CU37 -> 0 | EW37: =I37*CU37 -> 0 | EX37: =DR37 -> 0 | EZ37: =EW37-EX37 -> 0 | FA37: =+IF(EZ37/I37<0,0,(EZ37/I37)) -> #DIV/0!
I38: =IF(E38>0.0001,0,0) -> 0 | K38: =E38*60 -> 0 | AN38: =SUM(M38:AM38) -> 0 | AP38: =K38-AN38 -> 0 | CS38: =SUM(AU38:CR38) -> 0 | CU38: =AP38-CS38 -> 0 | CW38: =(SUM(M38:Z38))/K38 -> #DIV/0! | CX38: =(SUM(AA38:AM38))/K38 -> #DIV/0! | CY38: =(SUM(AU38:BQ38))/$K38 -> #DIV/0! | CZ38: =(SUM(BR38:CC38))/K38 -> #DIV/0! | DA38: =(SUM(CD38:CR38))/K38 -> #DIV/0! | DB38: =CU38/K38 -> #DIV/0! | DD38: =AP38 -> 0 | DE38: =CS38 -> 0 | DF38: =$DD38-DE38 -> 0 | DG38: =DF38/$DD38 -> #DIV/0! | DH38: =IF(AP38>0.01,1,0) -> 0 | DJ38: =H38 -> 0 | DK38: =I38 -> 0 | DL38: =DR38/DF38 -> #DIV/0! | DM38: =DL38/DK38 -> #DIV/0! | DN38: =IF(DM38>0.01,1,0) -> #DIV/0! | DR38: =DP38+DQ38 -> 0 | DS38: =IF(DL38=0,0,DP38/DR38) -> #DIV/0! | DT38: =IF(DS38>0.01,1,0) -> #DIV/0! | DV38: =DG38*DM38*DS38 -> #DIV/0! | DW38: =IF($AP38>0.01,1,0) -> 0 | DY38: =DP38 -> 0 | DZ38: =DK38 -> 0 | EA38: =+AP38 -> 0 | EB38: =DZ38*EA38 -> 0 | ED38: =DY38/EB38 -> #DIV/0! | EE38: =IF($AP38>0.01,1,0) -> 0 | EG38: =DP38 -> 0 | EH38: =K38 -> 0 | EI38: =SUM(M38:Z38) -> 0 | EJ38: =I38 -> 0 | EK38: =(EH38-EI38)*EJ38 -> 0 | EL38: =EG38/EK38 -> #DIV/0! | EM38: =IF(EK38>0.01,1,0) -> 0 | EO38: =EG38 -> 0 | EP38: =EJ38 -> 0 | EQ38: =EO38/(EP38*K38) -> #DIV/0! | ER38: =IF($K38>0.01,1,0) -> 0 | EU38: =DK38 -> 0 | EV38: =CU38 -> 0 | EW38: =I38*CU38 -> 0 | EX38: =DR38 -> 0 | EZ38: =EW38-EX38 -> 0 | FA38: =+IF(EZ38/I38<0,0,(EZ38/I38)) -> #DIV/0!
I39: =IF(E39>0.0001,0,0) -> 0 | K39: =E39*60 -> 0 | AN39: =SUM(M39:AM39) -> 0 | AP39: =K39-AN39 -> 0 | CS39: =SUM(AU39:CR39) -> 0 | CU39: =AP39-CS39 -> 0 | CW39: =(SUM(M39:Z39))/K39 -> #DIV/0! | CX39: =(SUM(AA39:AM39))/K39 -> #DIV/0! | CY39: =(SUM(AU39:BQ39))/$K39 -> #DIV/0! | CZ39: =(SUM(BR39:CC39))/K39 -> #DIV/0! | DA39: =(SUM(CD39:CR39))/K39 -> #DIV/0! | DB39: =CU39/K39 -> #DIV/0! | DD39: =AP39 -> 0 | DE39: =CS39 -> 0 | DF39: =$DD39-DE39 -> 0 | DG39: =DF39/$DD39 -> #DIV/0! | DH39: =IF(AP39>0.01,1,0) -> 0 | DJ39: =H39 -> 0 | DK39: 0 | DL39: =DR39/DF39 -> #DIV/0! | DM39: =DL39/DK39 -> #DIV/0! | DN39: =IF(DM39>0.01,1,0) -> #DIV/0! | DR39: =DP39+DQ39 -> 0 | DS39: =IF(DL39=0,0,DP39/DR39) -> #DIV/0! | DT39: =IF(DS39>0.01,1,0) -> #DIV/0! | DV39: =DG39*DM39*DS39 -> #DIV/0! | DW39: =IF($AP39>0.01,1,0) -> 0 | DY39: =DP39 -> 0 | DZ39: =DK39 -> 0 | EA39: =+AP39 -> 0 | EB39: =DZ39*EA39 -> 0 | ED39: =DY39/EB39 -> #DIV/0! | EE39: =IF($AP39>0.01,1,0) -> 0 | EG39: =DP39 -> 0 | EH39: =K39 -> 0 | EI39: =SUM(M39:Z39) -> 0 | EJ39: =I39 -> 0 | EK39: =(EH39-EI39)*EJ39 -> 0 | EL39: =EG39/EK39 -> #DIV/0! | EM39: =IF(EK39>0.01,1,0) -> 0 | EO39: =EG39 -> 0 | EP39: =EJ39 -> 0 | EQ39: =EO39/(EP39*K39) -> #DIV/0! | ER39: =IF($K39>0.01,1,0) -> 0 | EU39: =DK39 -> 0 | EV39: =CU39 -> 0 | EW39: =I39*CU39 -> 0 | EX39: =DR39 -> 0 | EZ39: =EW39-EX39 -> 0 | FA39: =+IF(EZ39/I39<0,0,(EZ39/I39)) -> #DIV/0!
I40: =IF(E40>0.0001,0,0) -> 0 | K40: =E40*60 -> 0 | AN40: =SUM(M40:AM40) -> 0 | AP40: =K40-AN40 -> 0 | CS40: =SUM(AU40:CR40) -> 0 | CU40: =AP40-CS40 -> 0 | CW40: =(SUM(M40:Z40))/K40 -> #DIV/0! | CX40: =(SUM(AA40:AM40))/K40 -> #DIV/0! | CY40: =(SUM(AU40:BQ40))/$K40 -> #DIV/0! | CZ40: =(SUM(BR40:CC40))/K40 -> #DIV/0! | DA40: =(SUM(CD40:CR40))/K40 -> #DIV/0! | DB40: =CU40/K40 -> #DIV/0! | DD40: =AP40 -> 0 | DE40: =CS40 -> 0 | DF40: =$DD40-DE40 -> 0 | DG40: =DF40/$DD40 -> #DIV/0! | DH40: =IF(AP40>0.01,1,0) -> 0 | DJ40: =H40 -> 0 | DK40: 0 | DL40: =DR40/DF40 -> #DIV/0! | DM40: =DL40/DK40 -> #DIV/0! | DN40: =IF(DM40>0.01,1,0) -> #DIV/0! | DR40: =DP40+DQ40 -> 0 | DS40: =IF(DL40=0,0,DP40/DR40) -> #DIV/0! | DT40: =IF(DS40>0.01,1,0) -> #DIV/0! | DV40: =DG40*DM40*DS40 -> #DIV/0! | DW40: =IF($AP40>0.01,1,0) -> 0 | DY40: =DP40 -> 0 | DZ40: =DK40 -> 0 | EA40: =+AP40 -> 0 | EB40: =DZ40*EA40 -> 0 | ED40: =DY40/EB40 -> #DIV/0! | EE40: =IF($AP40>0.01,1,0) -> 0 | EG40: =DP40 -> 0 | EH40: =K40 -> 0 | EI40: =SUM(M40:Z40) -> 0 | EJ40: =I40 -> 0 | EK40: =(EH40-EI40)*EJ40 -> 0 | EL40: =EG40/EK40 -> #DIV/0! | EM40: =IF(EK40>0.01,1,0) -> 0 | EO40: =EG40 -> 0 | EP40: =EJ40 -> 0 | EQ40: =EO40/(EP40*K40) -> #DIV/0! | ER40: =IF($K40>0.01,1,0) -> 0 | EU40: =DK40 -> 0 | EV40: =CU40 -> 0 | EW40: =I40*CU40 -> 0 | EX40: =DR40 -> 0 | EZ40: =EW40-EX40 -> 0 | FA40: =+IF(EZ40/I40<0,0,(EZ40/I40)) -> #DIV/0!
I41: =IF(E41>0.0001,0,0) -> 0 | K41: =E41*60 -> 0 | AN41: =SUM(M41:AM41) -> 0 | AP41: =K41-AN41 -> 0 | CS41: =SUM(AU41:CR41) -> 0 | CU41: =AP41-CS41 -> 0 | CW41: =(SUM(M41:Z41))/K41 -> #DIV/0! | CX41: =(SUM(AA41:AM41))/K41 -> #DIV/0! | CY41: =(SUM(AU41:BQ41))/$K41 -> #DIV/0! | CZ41: =(SUM(BR41:CC41))/K41 -> #DIV/0! | DA41: =(SUM(CD41:CR41))/K41 -> #DIV/0! | DB41: =CU41/K41 -> #DIV/0! | DD41: =AP41 -> 0 | DE41: =CS41 -> 0 | DF41: =$DD41-DE41 -> 0 | DG41: =DF41/$DD41 -> #DIV/0! | DH41: =IF(AP41>0.01,1,0) -> 0 | DJ41: =H41 -> 0 | DK41: =I41 -> 0 | DL41: =DR41/DF41 -> #DIV/0! | DM41: =DL41/DK41 -> #DIV/0! | DN41: =IF(DM41>0.01,1,0) -> #DIV/0! | DR41: =DP41+DQ41 -> 0 | DS41: =IF(DL41=0,0,DP41/DR41) -> #DIV/0! | DT41: =IF(DS41>0.01,1,0) -> #DIV/0! | DV41: =DG41*DM41*DS41 -> #DIV/0! | DW41: =IF($AP41>0.01,1,0) -> 0 | DY41: =DP41 -> 0 | DZ41: =DK41 -> 0 | EA41: =+AP41 -> 0 | EB41: =DZ41*EA41 -> 0 | ED41: =DY41/EB41 -> #DIV/0! | EE41: =IF($AP41>0.01,1,0) -> 0 | EG41: =DP41 -> 0 | EH41: =K41 -> 0 | EI41: =SUM(M41:Z41) -> 0 | EJ41: =I41 -> 0 | EK41: =(EH41-EI41)*EJ41 -> 0 | EL41: =EG41/EK41 -> #DIV/0! | EM41: =IF(EK41>0.01,1,0) -> 0 | EO41: =EG41 -> 0 | EP41: =EJ41 -> 0 | EQ41: =EO41/(EP41*K41) -> #DIV/0! | ER41: =IF($K41>0.01,1,0) -> 0 | EU41: =DK41 -> 0 | EV41: =CU41 -> 0 | EW41: =I41*CU41 -> 0 | EX41: =DR41 -> 0 | EZ41: =EW41-EX41 -> 0 | FA41: =+IF(EZ41/I41<0,0,(EZ41/I41)) -> #DIV/0!
I42: =IF(E42>0.0001,0,0) -> 0 | K42: =E42*60 -> 0 | AN42: =SUM(M42:AM42) -> 0 | AP42: =K42-AN42 -> 0 | CS42: =SUM(AU42:CR42) -> 0 | CU42: =AP42-CS42 -> 0 | CW42: =(SUM(M42:Z42))/K42 -> #DIV/0! | CX42: =(SUM(AA42:AM42))/K42 -> #DIV/0! | CY42: =(SUM(AU42:BQ42))/$K42 -> #DIV/0! | CZ42: =(SUM(BR42:CC42))/K42 -> #DIV/0! | DA42: =(SUM(CD42:CR42))/K42 -> #DIV/0! | DB42: =CU42/K42 -> #DIV/0! | DD42: =AP42 -> 0 | DE42: =CS42 -> 0 | DF42: =$DD42-DE42 -> 0 | DG42: =DF42/$DD42 -> #DIV/0! | DH42: =IF(AP42>0.01,1,0) -> 0 | DJ42: =H42 -> 0 | DK42: =I42 -> 0 | DL42: =DR42/DF42 -> #DIV/0! | DM42: =DL42/DK42 -> #DIV/0! | DN42: =IF(DM42>0.01,1,0) -> #DIV/0! | DR42: =DP42+DQ42 -> 0 | DS42: =IF(DL42=0,0,DP42/DR42) -> #DIV/0! | DT42: =IF(DS42>0.01,1,0) -> #DIV/0! | DV42: =DG42*DM42*DS42 -> #DIV/0! | DW42: =IF($AP42>0.01,1,0) -> 0 | DY42: =DP42 -> 0 | DZ42: =DK42 -> 0 | EA42: =+AP42 -> 0 | EB42: =DZ42*EA42 -> 0 | ED42: =DY42/EB42 -> #DIV/0! | EE42: =IF($AP42>0.01,1,0) -> 0 | EG42: =DP42 -> 0 | EH42: =K42 -> 0 | EI42: =SUM(M42:Z42) -> 0 | EJ42: =I42 -> 0 | EK42: =(EH42-EI42)*EJ42 -> 0 | EL42: =EG42/EK42 -> #DIV/0! | EM42: =IF(EK42>0.01,1,0) -> 0 | EO42: =EG42 -> 0 | EP42: =EJ42 -> 0 | EQ42: =EO42/(EP42*K42) -> #DIV/0! | ER42: =IF($K42>0.01,1,0) -> 0 | EU42: =DK42 -> 0 | EV42: =CU42 -> 0 | EW42: =I42*CU42 -> 0 | EX42: =DR42 -> 0 | EZ42: =EW42-EX42 -> 0 | FA42: =+IF(EZ42/I42<0,0,(EZ42/I42)) -> #DIV/0!
I43: =IF(E43>0.0001,0,0) -> 0 | K43: =E43*60 -> 0 | AN43: =SUM(M43:AM43) -> 0 | AP43: =K43-AN43 -> 0 | CS43: =SUM(AU43:CR43) -> 0 | CU43: =AP43-CS43 -> 0 | CW43: =(SUM(M43:Z43))/K43 -> #DIV/0! | CX43: =(SUM(AA43:AM43))/K43 -> #DIV/0! | CY43: =(SUM(AU43:BQ43))/$K43 -> #DIV/0! | CZ43: =(SUM(BR43:CC43))/K43 -> #DIV/0! | DA43: =(SUM(CD43:CR43))/K43 -> #DIV/0! | DB43: =CU43/K43 -> #DIV/0! | DD43: =AP43 -> 0 | DE43: =CS43 -> 0 | DF43: =$DD43-DE43 -> 0 | DG43: =DF43/$DD43 -> #DIV/0! | DH43: =IF(AP43>0.01,1,0) -> 0 | DJ43: =H43 -> 0 | DK43: =I43 -> 0 | DL43: =DR43/DF43 -> #DIV/0! | DM43: =DL43/DK43 -> #DIV/0! | DN43: =IF(DM43>0.01,1,0) -> #DIV/0! | DR43: =DP43+DQ43 -> 0 | DS43: =IF(DL43=0,0,DP43/DR43) -> #DIV/0! | DT43: =IF(DS43>0.01,1,0) -> #DIV/0! | DV43: =DG43*DM43*DS43 -> #DIV/0! | DW43: =IF($AP43>0.01,1,0) -> 0 | DY43: =DP43 -> 0 | DZ43: =DK43 -> 0 | EA43: =+AP43 -> 0 | EB43: =DZ43*EA43 -> 0 | ED43: =DY43/EB43 -> #DIV/0! | EE43: =IF($AP43>0.01,1,0) -> 0 | EG43: =DP43 -> 0 | EH43: =K43 -> 0 | EI43: =SUM(M43:Z43) -> 0 | EJ43: =I43 -> 0 | EK43: =(EH43-EI43)*EJ43 -> 0 | EL43: =EG43/EK43 -> #DIV/0! | EM43: =IF(EK43>0.01,1,0) -> 0 | EO43: =EG43 -> 0 | EP43: =EJ43 -> 0 | EQ43: =EO43/(EP43*K43) -> #DIV/0! | ER43: =IF($K43>0.01,1,0) -> 0 | EU43: =DK43 -> 0 | EV43: =CU43 -> 0 | EW43: =I43*CU43 -> 0 | EX43: =DR43 -> 0 | EZ43: =EW43-EX43 -> 0 | FA43: =+IF(EZ43/I43<0,0,(EZ43/I43)) -> #DIV/0!
